Year,Country,Medal
1896,Afghanistan ,0
1900,Afghanistan ,0
1904,Afghanistan ,0
1906,Afghanistan ,0
1908,Afghanistan ,0
1912,Afghanistan ,0
1920,Afghanistan ,0
1924,Afghanistan ,0
1928,Afghanistan ,0
1932,Afghanistan ,0
1936,Afghanistan ,0
1948,Afghanistan ,0
1952,Afghanistan ,0
1956,Afghanistan ,0
1960,Afghanistan ,0
1964,Afghanistan ,0
1968,Afghanistan ,0
1972,Afghanistan ,0
1976,Afghanistan ,0
1980,Afghanistan ,0
1984,Afghanistan ,0
1988,Afghanistan ,0
1992,Afghanistan ,0
1994,Afghanistan ,0
1996,Afghanistan ,0
1998,Afghanistan ,0
2000,Afghanistan ,0
2002,Afghanistan ,0
2004,Afghanistan ,0
2006,Afghanistan ,0
2008,Afghanistan ,1
2010,Afghanistan ,1
2012,Afghanistan ,2
2014,Afghanistan ,2
2016,Afghanistan ,2
1896,Algeria ,0
1900,Algeria ,0
1904,Algeria ,0
1906,Algeria ,0
1908,Algeria ,0
1912,Algeria ,0
1920,Algeria ,0
1924,Algeria ,0
1928,Algeria ,0
1932,Algeria ,0
1936,Algeria ,0
1948,Algeria ,0
1952,Algeria ,0
1956,Algeria ,0
1960,Algeria ,0
1964,Algeria ,0
1968,Algeria ,0
1972,Algeria ,0
1976,Algeria ,0
1980,Algeria ,0
1984,Algeria ,2
1988,Algeria ,2
1992,Algeria ,4
1994,Algeria ,4
1996,Algeria ,7
1998,Algeria ,7
2000,Algeria ,12
2002,Algeria ,12
2004,Algeria ,12
2006,Algeria ,12
2008,Algeria ,14
2010,Algeria ,14
2012,Algeria ,15
2014,Algeria ,15
2016,Algeria ,17
1896,Australasia,0
1900,Australasia,0
1904,Australasia,0
1906,Australasia,0
1908,Australasia,19
1912,Australasia,29
1920,Australasia,29
1924,Australasia,29
1928,Australasia,29
1932,Australasia,29
1936,Australasia,29
1948,Australasia,29
1952,Australasia,29
1956,Australasia,29
1960,Australasia,29
1964,Australasia,29
1968,Australasia,29
1972,Australasia,29
1976,Australasia,29
1980,Australasia,29
1984,Australasia,29
1988,Australasia,29
1992,Australasia,29
1994,Australasia,29
1996,Australasia,29
1998,Australasia,29
2000,Australasia,29
2002,Australasia,29
2004,Australasia,29
2006,Australasia,29
2008,Australasia,29
2010,Australasia,29
2012,Australasia,29
2014,Australasia,29
2016,Australasia,29
1896,Argentina ,0
1900,Argentina ,0
1904,Argentina ,0
1906,Argentina ,0
1908,Argentina ,0
1912,Argentina ,0
1920,Argentina ,0
1924,Argentina ,10
1928,Argentina ,36
1932,Argentina ,40
1936,Argentina ,51
1948,Argentina ,62
1952,Argentina ,68
1956,Argentina ,70
1960,Argentina ,74
1964,Argentina ,75
1968,Argentina ,77
1972,Argentina ,78
1976,Argentina ,78
1980,Argentina ,78
1984,Argentina ,78
1988,Argentina ,91
1992,Argentina ,93
1994,Argentina ,93
1996,Argentina ,113
1998,Argentina ,113
2000,Argentina ,133
2002,Argentina ,133
2004,Argentina ,182
2006,Argentina ,182
2008,Argentina ,233
2010,Argentina ,233
2012,Argentina ,252
2014,Argentina ,252
2016,Argentina ,274
1896,Armenia ,0
1900,Armenia ,0
1904,Armenia ,0
1906,Armenia ,0
1908,Armenia ,0
1912,Armenia ,0
1920,Armenia ,0
1924,Armenia ,0
1928,Armenia ,0
1932,Armenia ,0
1936,Armenia ,0
1948,Armenia ,0
1952,Armenia ,0
1956,Armenia ,0
1960,Armenia ,0
1964,Armenia ,0
1968,Armenia ,0
1972,Armenia ,0
1976,Armenia ,0
1980,Armenia ,0
1984,Armenia ,0
1988,Armenia ,0
1992,Armenia ,0
1994,Armenia ,0
1996,Armenia ,2
1998,Armenia ,2
2000,Armenia ,3
2002,Armenia ,3
2004,Armenia ,3
2006,Armenia ,3
2008,Armenia ,9
2010,Armenia ,9
2012,Armenia ,12
2014,Armenia ,12
2016,Armenia ,16
1896,Australia ,3
1900,Australia ,9
1904,Australia ,13
1906,Australia ,16
1908,Australia ,16
1912,Australia ,16
1920,Australia ,23
1924,Australia ,34
1928,Australia ,38
1932,Australia ,43
1936,Australia ,44
1948,Australia ,60
1952,Australia ,80
1956,Australia ,147
1960,Australia ,193
1964,Australia ,237
1968,Australia ,288
1972,Australia ,308
1976,Australia ,331
1980,Australia ,344
1984,Australia ,396
1988,Australia ,431
1992,Australia ,488
1994,Australia ,492
1996,Australia ,624
1998,Australia ,625
2000,Australia ,808
2002,Australia ,810
2004,Australia ,967
2006,Australia ,969
2008,Australia ,1118
2010,Australia ,1121
2012,Australia ,1235
2014,Australia ,1238
2016,Australia ,1320
1896,Austria ,5
1900,Austria ,11
1904,Austria ,15
1906,Austria ,24
1908,Austria ,25
1912,Austria ,39
1920,Austria ,39
1924,Austria ,47
1928,Austria ,58
1932,Austria ,65
1936,Austria ,125
1948,Austria ,141
1952,Austria ,152
1956,Austria ,168
1960,Austria ,177
1964,Austria ,194
1968,Austria ,214
1972,Austria ,222
1976,Austria ,230
1980,Austria ,243
1984,Austria ,247
1988,Austria ,260
1992,Austria ,295
1994,Austria ,307
1996,Austria ,310
1998,Austria ,330
2000,Austria ,334
2002,Austria ,354
2004,Austria ,362
2006,Austria ,392
2008,Austria ,395
2010,Austria ,421
2012,Austria ,421
2014,Austria ,448
2016,Austria ,450
1896,Azerbaijan ,0
1900,Azerbaijan ,0
1904,Azerbaijan ,0
1906,Azerbaijan ,0
1908,Azerbaijan ,0
1912,Azerbaijan ,0
1920,Azerbaijan ,0
1924,Azerbaijan ,0
1928,Azerbaijan ,0
1932,Azerbaijan ,0
1936,Azerbaijan ,0
1948,Azerbaijan ,0
1952,Azerbaijan ,0
1956,Azerbaijan ,0
1960,Azerbaijan ,0
1964,Azerbaijan ,0
1968,Azerbaijan ,0
1972,Azerbaijan ,0
1976,Azerbaijan ,0
1980,Azerbaijan ,0
1984,Azerbaijan ,0
1988,Azerbaijan ,0
1992,Azerbaijan ,0
1994,Azerbaijan ,0
1996,Azerbaijan ,1
1998,Azerbaijan ,1
2000,Azerbaijan ,4
2002,Azerbaijan ,4
2004,Azerbaijan ,9
2006,Azerbaijan ,9
2008,Azerbaijan ,16
2010,Azerbaijan ,16
2012,Azerbaijan ,26
2014,Azerbaijan ,26
2016,Azerbaijan ,44
1896,The Bahamas ,0
1900,The Bahamas ,0
1904,The Bahamas ,0
1906,The Bahamas ,0
1908,The Bahamas ,0
1912,The Bahamas ,0
1920,The Bahamas ,0
1924,The Bahamas ,0
1928,The Bahamas ,0
1932,The Bahamas ,0
1936,The Bahamas ,0
1948,The Bahamas ,0
1952,The Bahamas ,0
1956,The Bahamas ,2
1960,The Bahamas ,2
1964,The Bahamas ,4
1968,The Bahamas ,4
1972,The Bahamas ,4
1976,The Bahamas ,4
1980,The Bahamas ,4
1984,The Bahamas ,4
1988,The Bahamas ,4
1992,The Bahamas ,5
1994,The Bahamas ,5
1996,The Bahamas ,10
1998,The Bahamas ,10
2000,The Bahamas ,21
2002,The Bahamas ,21
2004,The Bahamas ,23
2006,The Bahamas ,23
2008,The Bahamas ,30
2010,The Bahamas ,30
2012,The Bahamas ,34
2014,The Bahamas ,34
2016,The Bahamas ,40
1896,Barbados ,0
1900,Barbados ,0
1904,Barbados ,0
1906,Barbados ,0
1908,Barbados ,0
1912,Barbados ,0
1920,Barbados ,0
1924,Barbados ,0
1928,Barbados ,0
1932,Barbados ,0
1936,Barbados ,0
1948,Barbados ,0
1952,Barbados ,0
1956,Barbados ,0
1960,Barbados ,0
1964,Barbados ,0
1968,Barbados ,0
1972,Barbados ,0
1976,Barbados ,0
1980,Barbados ,0
1984,Barbados ,0
1988,Barbados ,0
1992,Barbados ,0
1994,Barbados ,0
1996,Barbados ,0
1998,Barbados ,0
2000,Barbados ,1
2002,Barbados ,1
2004,Barbados ,1
2006,Barbados ,1
2008,Barbados ,1
2010,Barbados ,1
2012,Barbados ,1
2014,Barbados ,1
2016,Barbados ,1
1896,Burundi ,0
1900,Burundi ,0
1904,Burundi ,0
1906,Burundi ,0
1908,Burundi ,0
1912,Burundi ,0
1920,Burundi ,0
1924,Burundi ,0
1928,Burundi ,0
1932,Burundi ,0
1936,Burundi ,0
1948,Burundi ,0
1952,Burundi ,0
1956,Burundi ,0
1960,Burundi ,0
1964,Burundi ,0
1968,Burundi ,0
1972,Burundi ,0
1976,Burundi ,0
1980,Burundi ,0
1984,Burundi ,0
1988,Burundi ,0
1992,Burundi ,0
1994,Burundi ,0
1996,Burundi ,1
1998,Burundi ,1
2000,Burundi ,1
2002,Burundi ,1
2004,Burundi ,1
2006,Burundi ,1
2008,Burundi ,1
2010,Burundi ,1
2012,Burundi ,1
2014,Burundi ,1
2016,Burundi ,2
1896,Belgium ,0
1900,Belgium ,43
1904,Belgium ,43
1906,Belgium ,54
1908,Belgium ,87
1912,Belgium ,106
1920,Belgium ,294
1924,Belgium ,338
1928,Belgium ,344
1932,Belgium ,345
1936,Belgium ,359
1948,Belgium ,380
1952,Belgium ,388
1956,Belgium ,390
1960,Belgium ,394
1964,Belgium ,397
1968,Belgium ,400
1972,Belgium ,402
1976,Belgium ,411
1980,Belgium ,412
1984,Belgium ,417
1988,Belgium ,419
1992,Belgium ,422
1994,Belgium ,422
1996,Belgium ,428
1998,Belgium ,429
2000,Belgium ,436
2002,Belgium ,436
2004,Belgium ,439
2006,Belgium ,439
2008,Belgium ,444
2010,Belgium ,444
2012,Belgium ,447
2014,Belgium ,447
2016,Belgium ,468
1896,Bermuda,0
1900,Bermuda,0
1904,Bermuda,0
1906,Bermuda,0
1908,Bermuda,0
1912,Bermuda,0
1920,Bermuda,0
1924,Bermuda,0
1928,Bermuda,0
1932,Bermuda,0
1936,Bermuda,0
1948,Bermuda,0
1952,Bermuda,0
1956,Bermuda,0
1960,Bermuda,0
1964,Bermuda,0
1968,Bermuda,0
1972,Bermuda,0
1976,Bermuda,1
1980,Bermuda,1
1984,Bermuda,1
1988,Bermuda,1
1992,Bermuda,1
1994,Bermuda,1
1996,Bermuda,1
1998,Bermuda,1
2000,Bermuda,1
2002,Bermuda,1
2004,Bermuda,1
2006,Bermuda,1
2008,Bermuda,1
2010,Bermuda,1
2012,Bermuda,1
2014,Bermuda,1
2016,Bermuda,1
1896,Belarus ,0
1900,Belarus ,0
1904,Belarus ,0
1906,Belarus ,0
1908,Belarus ,0
1912,Belarus ,0
1920,Belarus ,0
1924,Belarus ,0
1928,Belarus ,0
1932,Belarus ,0
1936,Belarus ,0
1948,Belarus ,0
1952,Belarus ,0
1956,Belarus ,0
1960,Belarus ,0
1964,Belarus ,0
1968,Belarus ,0
1972,Belarus ,0
1976,Belarus ,0
1980,Belarus ,0
1984,Belarus ,0
1988,Belarus ,0
1992,Belarus ,0
1994,Belarus ,2
1996,Belarus ,25
1998,Belarus ,27
2000,Belarus ,49
2002,Belarus ,50
2004,Belarus ,65
2006,Belarus ,66
2008,Belarus ,95
2010,Belarus ,98
2012,Belarus ,121
2014,Belarus ,127
2016,Belarus ,139
1896,Botswana ,0
1900,Botswana ,0
1904,Botswana ,0
1906,Botswana ,0
1908,Botswana ,0
1912,Botswana ,0
1920,Botswana ,0
1924,Botswana ,0
1928,Botswana ,0
1932,Botswana ,0
1936,Botswana ,0
1948,Botswana ,0
1952,Botswana ,0
1956,Botswana ,0
1960,Botswana ,0
1964,Botswana ,0
1968,Botswana ,0
1972,Botswana ,0
1976,Botswana ,0
1980,Botswana ,0
1984,Botswana ,0
1988,Botswana ,0
1992,Botswana ,0
1994,Botswana ,0
1996,Botswana ,0
1998,Botswana ,0
2000,Botswana ,0
2002,Botswana ,0
2004,Botswana ,0
2006,Botswana ,0
2008,Botswana ,0
2010,Botswana ,0
2012,Botswana ,1
2014,Botswana ,1
2016,Botswana ,1
1896,Brazil ,0
1900,Brazil ,0
1904,Brazil ,0
1906,Brazil ,0
1908,Brazil ,0
1912,Brazil ,0
1920,Brazil ,7
1924,Brazil ,7
1928,Brazil ,7
1932,Brazil ,7
1936,Brazil ,7
1948,Brazil ,17
1952,Brazil ,20
1956,Brazil ,21
1960,Brazil ,34
1964,Brazil ,46
1968,Brazil ,50
1972,Brazil ,52
1976,Brazil ,55
1980,Brazil ,64
1984,Brazil ,100
1988,Brazil ,123
1992,Brazil ,137
1994,Brazil ,137
1996,Brazil ,200
1998,Brazil ,200
2000,Brazil ,248
2002,Brazil ,248
2004,Brazil ,288
2006,Brazil ,288
2008,Brazil ,366
2010,Brazil ,366
2012,Brazil ,425
2014,Brazil ,425
2016,Brazil ,475
1896,Bahrain ,0
1900,Bahrain ,0
1904,Bahrain ,0
1906,Bahrain ,0
1908,Bahrain ,0
1912,Bahrain ,0
1920,Bahrain ,0
1924,Bahrain ,0
1928,Bahrain ,0
1932,Bahrain ,0
1936,Bahrain ,0
1948,Bahrain ,0
1952,Bahrain ,0
1956,Bahrain ,0
1960,Bahrain ,0
1964,Bahrain ,0
1968,Bahrain ,0
1972,Bahrain ,0
1976,Bahrain ,0
1980,Bahrain ,0
1984,Bahrain ,0
1988,Bahrain ,0
1992,Bahrain ,0
1994,Bahrain ,0
1996,Bahrain ,0
1998,Bahrain ,0
2000,Bahrain ,0
2002,Bahrain ,0
2004,Bahrain ,0
2006,Bahrain ,0
2008,Bahrain ,0
2010,Bahrain ,0
2012,Bahrain ,1
2014,Bahrain ,1
2016,Bahrain ,3
1896,Bulgaria ,0
1900,Bulgaria ,0
1904,Bulgaria ,0
1906,Bulgaria ,0
1908,Bulgaria ,0
1912,Bulgaria ,0
1920,Bulgaria ,0
1924,Bulgaria ,0
1928,Bulgaria ,0
1932,Bulgaria ,0
1936,Bulgaria ,0
1948,Bulgaria ,0
1952,Bulgaria ,1
1956,Bulgaria ,19
1960,Bulgaria ,26
1964,Bulgaria ,36
1968,Bulgaria ,62
1972,Bulgaria ,84
1976,Bulgaria ,123
1980,Bulgaria ,214
1984,Bulgaria ,214
1988,Bulgaria ,255
1992,Bulgaria ,272
1994,Bulgaria ,272
1996,Bulgaria ,293
1998,Bulgaria ,294
2000,Bulgaria ,307
2002,Bulgaria ,310
2004,Bulgaria ,327
2006,Bulgaria ,328
2008,Bulgaria ,333
2010,Bulgaria ,333
2012,Bulgaria ,335
2014,Bulgaria ,335
2016,Bulgaria ,342
1896,Canada ,0
1900,Canada ,2
1904,Canada ,50
1906,Canada ,52
1908,Canada ,104
1912,Canada ,112
1920,Canada ,128
1924,Canada ,157
1928,Canada ,202
1932,Canada ,261
1936,Canada ,296
1948,Canada ,318
1952,Canada ,339
1956,Canada ,378
1960,Canada ,408
1964,Canada ,420
1968,Canada ,450
1972,Canada ,462
1976,Canada ,488
1980,Canada ,490
1984,Canada ,581
1988,Canada ,610
1992,Canada ,690
1994,Canada ,727
1996,Canada ,777
1998,Canada ,826
2000,Canada ,857
2002,Canada ,931
2004,Canada ,948
2006,Canada ,1017
2008,Canada ,1052
2010,Canada ,1142
2012,Canada ,1197
2014,Canada ,1283
2016,Canada ,1352
1896,Chile ,0
1900,Chile ,0
1904,Chile ,0
1906,Chile ,0
1908,Chile ,0
1912,Chile ,0
1920,Chile ,0
1924,Chile ,0
1928,Chile ,1
1932,Chile ,1
1936,Chile ,1
1948,Chile ,1
1952,Chile ,5
1956,Chile ,9
1960,Chile ,9
1964,Chile ,9
1968,Chile ,9
1972,Chile ,9
1976,Chile ,9
1980,Chile ,9
1984,Chile ,9
1988,Chile ,10
1992,Chile ,10
1994,Chile ,10
1996,Chile ,10
1998,Chile ,10
2000,Chile ,27
2002,Chile ,27
2004,Chile ,31
2006,Chile ,31
2008,Chile ,32
2010,Chile ,32
2012,Chile ,32
2014,Chile ,32
2016,Chile ,32
1896,China ,0
1900,China ,0
1904,China ,0
1906,China ,0
1908,China ,0
1912,China ,0
1920,China ,0
1924,China ,0
1928,China ,0
1932,China ,0
1936,China ,0
1948,China ,0
1952,China ,0
1956,China ,0
1960,China ,0
1964,China ,0
1968,China ,0
1972,China ,0
1976,China ,0
1980,China ,0
1984,China ,74
1988,China ,126
1992,China ,211
1994,China ,214
1996,China ,320
1998,China ,334
2000,China ,413
2002,China ,429
2004,China ,523
2006,China ,536
2008,China ,720
2010,China ,739
2012,China ,864
2014,China ,876
2016,China ,989
1896,Cote d'Ivoire ,0
1900,Cote d'Ivoire ,0
1904,Cote d'Ivoire ,0
1906,Cote d'Ivoire ,0
1908,Cote d'Ivoire ,0
1912,Cote d'Ivoire ,0
1920,Cote d'Ivoire ,0
1924,Cote d'Ivoire ,0
1928,Cote d'Ivoire ,0
1932,Cote d'Ivoire ,0
1936,Cote d'Ivoire ,0
1948,Cote d'Ivoire ,0
1952,Cote d'Ivoire ,0
1956,Cote d'Ivoire ,0
1960,Cote d'Ivoire ,0
1964,Cote d'Ivoire ,0
1968,Cote d'Ivoire ,0
1972,Cote d'Ivoire ,0
1976,Cote d'Ivoire ,0
1980,Cote d'Ivoire ,0
1984,Cote d'Ivoire ,1
1988,Cote d'Ivoire ,1
1992,Cote d'Ivoire ,1
1994,Cote d'Ivoire ,1
1996,Cote d'Ivoire ,1
1998,Cote d'Ivoire ,1
2000,Cote d'Ivoire ,1
2002,Cote d'Ivoire ,1
2004,Cote d'Ivoire ,1
2006,Cote d'Ivoire ,1
2008,Cote d'Ivoire ,1
2010,Cote d'Ivoire ,1
2012,Cote d'Ivoire ,1
2014,Cote d'Ivoire ,1
2016,Cote d'Ivoire ,3
1896,Cameroon ,0
1900,Cameroon ,0
1904,Cameroon ,0
1906,Cameroon ,0
1908,Cameroon ,0
1912,Cameroon ,0
1920,Cameroon ,0
1924,Cameroon ,0
1928,Cameroon ,0
1932,Cameroon ,0
1936,Cameroon ,0
1948,Cameroon ,0
1952,Cameroon ,0
1956,Cameroon ,0
1960,Cameroon ,0
1964,Cameroon ,0
1968,Cameroon ,1
1972,Cameroon ,1
1976,Cameroon ,1
1980,Cameroon ,1
1984,Cameroon ,2
1988,Cameroon ,2
1992,Cameroon ,2
1994,Cameroon ,2
1996,Cameroon ,2
1998,Cameroon ,2
2000,Cameroon ,20
2002,Cameroon ,20
2004,Cameroon ,21
2006,Cameroon ,21
2008,Cameroon ,22
2010,Cameroon ,22
2012,Cameroon ,22
2014,Cameroon ,22
2016,Cameroon ,22
1896,Colombia ,0
1900,Colombia ,1
1904,Colombia ,1
1906,Colombia ,1
1908,Colombia ,1
1912,Colombia ,1
1920,Colombia ,1
1924,Colombia ,1
1928,Colombia ,1
1932,Colombia ,1
1936,Colombia ,1
1948,Colombia ,1
1952,Colombia ,1
1956,Colombia ,1
1960,Colombia ,1
1964,Colombia ,1
1968,Colombia ,1
1972,Colombia ,4
1976,Colombia ,4
1980,Colombia ,4
1984,Colombia ,5
1988,Colombia ,6
1992,Colombia ,7
1994,Colombia ,7
1996,Colombia ,7
1998,Colombia ,7
2000,Colombia ,8
2002,Colombia ,8
2004,Colombia ,10
2006,Colombia ,10
2008,Colombia ,12
2010,Colombia ,12
2012,Colombia ,20
2014,Colombia ,20
2016,Colombia ,28
1896,Costa Rica ,0
1900,Costa Rica ,0
1904,Costa Rica ,0
1906,Costa Rica ,0
1908,Costa Rica ,0
1912,Costa Rica ,0
1920,Costa Rica ,0
1924,Costa Rica ,0
1928,Costa Rica ,0
1932,Costa Rica ,0
1936,Costa Rica ,0
1948,Costa Rica ,0
1952,Costa Rica ,0
1956,Costa Rica ,0
1960,Costa Rica ,0
1964,Costa Rica ,0
1968,Costa Rica ,0
1972,Costa Rica ,0
1976,Costa Rica ,0
1980,Costa Rica ,0
1984,Costa Rica ,0
1988,Costa Rica ,1
1992,Costa Rica ,1
1994,Costa Rica ,1
1996,Costa Rica ,2
1998,Costa Rica ,2
2000,Costa Rica ,4
2002,Costa Rica ,4
2004,Costa Rica ,4
2006,Costa Rica ,4
2008,Costa Rica ,4
2010,Costa Rica ,4
2012,Costa Rica ,4
2014,Costa Rica ,4
2016,Costa Rica ,4
1896,Croatia ,0
1900,Croatia ,0
1904,Croatia ,0
1906,Croatia ,0
1908,Croatia ,0
1912,Croatia ,0
1920,Croatia ,0
1924,Croatia ,0
1928,Croatia ,0
1932,Croatia ,0
1936,Croatia ,0
1948,Croatia ,0
1952,Croatia ,0
1956,Croatia ,0
1960,Croatia ,0
1964,Croatia ,0
1968,Croatia ,0
1972,Croatia ,0
1976,Croatia ,0
1980,Croatia ,0
1984,Croatia ,0
1988,Croatia ,0
1992,Croatia ,15
1994,Croatia ,15
1996,Croatia ,43
1998,Croatia ,43
2000,Croatia ,53
2002,Croatia ,57
2004,Croatia ,78
2006,Croatia ,81
2008,Croatia ,86
2010,Croatia ,89
2012,Croatia ,124
2014,Croatia ,125
2016,Croatia ,149
1896,Cuba ,0
1900,Cuba ,2
1904,Cuba ,7
1906,Cuba ,7
1908,Cuba ,7
1912,Cuba ,7
1920,Cuba ,7
1924,Cuba ,7
1928,Cuba ,7
1932,Cuba ,7
1936,Cuba ,7
1948,Cuba ,9
1952,Cuba ,9
1956,Cuba ,9
1960,Cuba ,9
1964,Cuba ,10
1968,Cuba ,20
1972,Cuba ,42
1976,Cuba ,66
1980,Cuba ,86
1984,Cuba ,86
1988,Cuba ,86
1992,Cuba ,155
1994,Cuba ,155
1996,Cuba ,210
1998,Cuba ,210
2000,Cuba ,275
2002,Cuba ,275
2004,Cuba ,337
2006,Cuba ,337
2008,Cuba ,384
2010,Cuba ,384
2012,Cuba ,398
2014,Cuba ,398
2016,Cuba ,409
1896,Cyprus ,0
1900,Cyprus ,0
1904,Cyprus ,0
1906,Cyprus ,0
1908,Cyprus ,0
1912,Cyprus ,0
1920,Cyprus ,0
1924,Cyprus ,0
1928,Cyprus ,0
1932,Cyprus ,0
1936,Cyprus ,0
1948,Cyprus ,0
1952,Cyprus ,0
1956,Cyprus ,0
1960,Cyprus ,0
1964,Cyprus ,0
1968,Cyprus ,0
1972,Cyprus ,0
1976,Cyprus ,0
1980,Cyprus ,0
1984,Cyprus ,0
1988,Cyprus ,0
1992,Cyprus ,0
1994,Cyprus ,0
1996,Cyprus ,0
1998,Cyprus ,0
2000,Cyprus ,0
2002,Cyprus ,0
2004,Cyprus ,0
2006,Cyprus ,0
2008,Cyprus ,0
2010,Cyprus ,0
2012,Cyprus ,1
2014,Cyprus ,1
2016,Cyprus ,1
1896,Czech Republic ,0
1900,Czech Republic ,0
1904,Czech Republic ,0
1906,Czech Republic ,0
1908,Czech Republic ,0
1912,Czech Republic ,0
1920,Czech Republic ,0
1924,Czech Republic ,0
1928,Czech Republic ,0
1932,Czech Republic ,0
1936,Czech Republic ,0
1948,Czech Republic ,0
1952,Czech Republic ,0
1956,Czech Republic ,0
1960,Czech Republic ,0
1964,Czech Republic ,0
1968,Czech Republic ,0
1972,Czech Republic ,0
1976,Czech Republic ,0
1980,Czech Republic ,0
1984,Czech Republic ,0
1988,Czech Republic ,0
1992,Czech Republic ,0
1994,Czech Republic ,0
1996,Czech Republic ,13
1998,Czech Republic ,36
2000,Czech Republic ,45
2002,Czech Republic ,48
2004,Czech Republic ,61
2006,Czech Republic ,88
2008,Czech Republic ,95
2010,Czech Republic ,104
2012,Czech Republic ,118
2014,Czech Republic ,129
2016,Czech Republic ,144
1896,Denmark ,6
1900,Denmark ,15
1904,Denmark ,15
1906,Denmark ,49
1908,Denmark ,66
1912,Denmark ,153
1920,Denmark ,224
1924,Denmark ,238
1928,Denmark ,253
1932,Denmark ,264
1936,Denmark ,270
1948,Denmark ,321
1952,Denmark ,330
1956,Denmark ,336
1960,Denmark ,359
1964,Denmark ,371
1968,Denmark ,388
1972,Denmark ,389
1976,Denmark ,397
1980,Denmark ,405
1984,Denmark ,418
1988,Denmark ,425
1992,Denmark ,439
1994,Denmark ,439
1996,Denmark ,462
1998,Denmark ,467
2000,Denmark ,492
2002,Denmark ,492
2004,Denmark ,521
2006,Denmark ,521
2008,Denmark ,540
2010,Denmark ,540
2012,Denmark ,556
2014,Denmark ,556
2016,Denmark ,597
1896,Djibouti ,0
1900,Djibouti ,0
1904,Djibouti ,0
1906,Djibouti ,0
1908,Djibouti ,0
1912,Djibouti ,0
1920,Djibouti ,0
1924,Djibouti ,0
1928,Djibouti ,0
1932,Djibouti ,0
1936,Djibouti ,0
1948,Djibouti ,0
1952,Djibouti ,0
1956,Djibouti ,0
1960,Djibouti ,0
1964,Djibouti ,0
1968,Djibouti ,0
1972,Djibouti ,0
1976,Djibouti ,0
1980,Djibouti ,0
1984,Djibouti ,0
1988,Djibouti ,1
1992,Djibouti ,1
1994,Djibouti ,1
1996,Djibouti ,1
1998,Djibouti ,1
2000,Djibouti ,1
2002,Djibouti ,1
2004,Djibouti ,1
2006,Djibouti ,1
2008,Djibouti ,1
2010,Djibouti ,1
2012,Djibouti ,1
2014,Djibouti ,1
2016,Djibouti ,1
1896,The Dominican Republic ,0
1900,The Dominican Republic ,0
1904,The Dominican Republic ,0
1906,The Dominican Republic ,0
1908,The Dominican Republic ,0
1912,The Dominican Republic ,0
1920,The Dominican Republic ,0
1924,The Dominican Republic ,0
1928,The Dominican Republic ,0
1932,The Dominican Republic ,0
1936,The Dominican Republic ,0
1948,The Dominican Republic ,0
1952,The Dominican Republic ,0
1956,The Dominican Republic ,0
1960,The Dominican Republic ,0
1964,The Dominican Republic ,0
1968,The Dominican Republic ,0
1972,The Dominican Republic ,0
1976,The Dominican Republic ,0
1980,The Dominican Republic ,0
1984,The Dominican Republic ,1
1988,The Dominican Republic ,1
1992,The Dominican Republic ,1
1994,The Dominican Republic ,1
1996,The Dominican Republic ,1
1998,The Dominican Republic ,1
2000,The Dominican Republic ,1
2002,The Dominican Republic ,1
2004,The Dominican Republic ,2
2006,The Dominican Republic ,2
2008,The Dominican Republic ,4
2010,The Dominican Republic ,4
2012,The Dominican Republic ,6
2014,The Dominican Republic ,6
2016,The Dominican Republic ,7
1896,Ecuador ,0
1900,Ecuador ,0
1904,Ecuador ,0
1906,Ecuador ,0
1908,Ecuador ,0
1912,Ecuador ,0
1920,Ecuador ,0
1924,Ecuador ,0
1928,Ecuador ,0
1932,Ecuador ,0
1936,Ecuador ,0
1948,Ecuador ,0
1952,Ecuador ,0
1956,Ecuador ,0
1960,Ecuador ,0
1964,Ecuador ,0
1968,Ecuador ,0
1972,Ecuador ,0
1976,Ecuador ,0
1980,Ecuador ,0
1984,Ecuador ,0
1988,Ecuador ,0
1992,Ecuador ,0
1994,Ecuador ,0
1996,Ecuador ,1
1998,Ecuador ,1
2000,Ecuador ,1
2002,Ecuador ,1
2004,Ecuador ,1
2006,Ecuador ,1
2008,Ecuador ,2
2010,Ecuador ,2
2012,Ecuador ,2
2014,Ecuador ,2
2016,Ecuador ,2
1896,Egypt ,0
1900,Egypt ,0
1904,Egypt ,0
1906,Egypt ,0
1908,Egypt ,0
1912,Egypt ,0
1920,Egypt ,0
1924,Egypt ,0
1928,Egypt ,4
1932,Egypt ,4
1936,Egypt ,9
1948,Egypt ,14
1952,Egypt ,15
1956,Egypt ,15
1960,Egypt ,15
1964,Egypt ,15
1968,Egypt ,15
1972,Egypt ,15
1976,Egypt ,15
1980,Egypt ,15
1984,Egypt ,16
1988,Egypt ,16
1992,Egypt ,16
1994,Egypt ,16
1996,Egypt ,16
1998,Egypt ,16
2000,Egypt ,16
2002,Egypt ,16
2004,Egypt ,21
2006,Egypt ,21
2008,Egypt ,22
2010,Egypt ,22
2012,Egypt ,24
2014,Egypt ,24
2016,Egypt ,27
1896,Eritrea ,0
1900,Eritrea ,0
1904,Eritrea ,0
1906,Eritrea ,0
1908,Eritrea ,0
1912,Eritrea ,0
1920,Eritrea ,0
1924,Eritrea ,0
1928,Eritrea ,0
1932,Eritrea ,0
1936,Eritrea ,0
1948,Eritrea ,0
1952,Eritrea ,0
1956,Eritrea ,0
1960,Eritrea ,0
1964,Eritrea ,0
1968,Eritrea ,0
1972,Eritrea ,0
1976,Eritrea ,0
1980,Eritrea ,0
1984,Eritrea ,0
1988,Eritrea ,0
1992,Eritrea ,0
1994,Eritrea ,0
1996,Eritrea ,0
1998,Eritrea ,0
2000,Eritrea ,0
2002,Eritrea ,0
2004,Eritrea ,1
2006,Eritrea ,1
2008,Eritrea ,1
2010,Eritrea ,1
2012,Eritrea ,1
2014,Eritrea ,1
2016,Eritrea ,1
1896,Spain ,0
1900,Spain ,2
1904,Spain ,2
1906,Spain ,2
1908,Spain ,2
1912,Spain ,2
1920,Spain ,25
1924,Spain ,25
1928,Spain ,28
1932,Spain ,29
1936,Spain ,29
1948,Spain ,32
1952,Spain ,33
1956,Spain ,33
1960,Spain ,47
1964,Spain ,47
1968,Spain ,47
1972,Spain ,49
1976,Spain ,55
1980,Spain ,79
1984,Spain ,98
1988,Spain ,103
1992,Spain ,173
1994,Spain ,173
1996,Spain ,239
1998,Spain ,239
2000,Spain ,281
2002,Spain ,281
2004,Spain ,311
2006,Spain ,311
2008,Spain ,381
2010,Spain ,381
2012,Spain ,444
2014,Spain ,444
2016,Spain ,489
1896,Estonia ,0
1900,Estonia ,0
1904,Estonia ,0
1906,Estonia ,0
1908,Estonia ,0
1912,Estonia ,0
1920,Estonia ,3
1924,Estonia ,9
1928,Estonia ,18
1932,Estonia ,18
1936,Estonia ,25
1948,Estonia ,25
1952,Estonia ,25
1956,Estonia ,25
1960,Estonia ,25
1964,Estonia ,25
1968,Estonia ,25
1972,Estonia ,25
1976,Estonia ,25
1980,Estonia ,25
1984,Estonia ,25
1988,Estonia ,25
1992,Estonia ,28
1994,Estonia ,28
1996,Estonia ,28
1998,Estonia ,28
2000,Estonia ,31
2002,Estonia ,34
2004,Estonia ,37
2006,Estonia ,40
2008,Estonia ,43
2010,Estonia ,44
2012,Estonia ,46
2014,Estonia ,46
2016,Estonia ,50
1896,Ethiopia ,0
1900,Ethiopia ,0
1904,Ethiopia ,0
1906,Ethiopia ,0
1908,Ethiopia ,0
1912,Ethiopia ,0
1920,Ethiopia ,0
1924,Ethiopia ,0
1928,Ethiopia ,0
1932,Ethiopia ,0
1936,Ethiopia ,0
1948,Ethiopia ,0
1952,Ethiopia ,0
1956,Ethiopia ,0
1960,Ethiopia ,1
1964,Ethiopia ,2
1968,Ethiopia ,4
1972,Ethiopia ,6
1976,Ethiopia ,6
1980,Ethiopia ,10
1984,Ethiopia ,10
1988,Ethiopia ,10
1992,Ethiopia ,13
1994,Ethiopia ,13
1996,Ethiopia ,16
1998,Ethiopia ,16
2000,Ethiopia ,24
2002,Ethiopia ,24
2004,Ethiopia ,31
2006,Ethiopia ,31
2008,Ethiopia ,38
2010,Ethiopia ,38
2012,Ethiopia ,45
2014,Ethiopia ,45
2016,Ethiopia ,53
1896,Unified Team,0
1900,Unified Team,0
1904,Unified Team,0
1906,Unified Team,0
1908,Unified Team,0
1912,Unified Team,0
1920,Unified Team,0
1924,Unified Team,0
1928,Unified Team,0
1932,Unified Team,0
1936,Unified Team,0
1948,Unified Team,0
1952,Unified Team,0
1956,Unified Team,0
1960,Unified Team,0
1964,Unified Team,0
1968,Unified Team,0
1972,Unified Team,0
1976,Unified Team,0
1980,Unified Team,0
1984,Unified Team,0
1988,Unified Team,0
1992,Unified Team,279
1994,Unified Team,279
1996,Unified Team,279
1998,Unified Team,279
2000,Unified Team,279
2002,Unified Team,279
2004,Unified Team,279
2006,Unified Team,279
2008,Unified Team,279
2010,Unified Team,279
2012,Unified Team,279
2014,Unified Team,279
2016,Unified Team,279
1896,Fiji ,0
1900,Fiji ,0
1904,Fiji ,0
1906,Fiji ,0
1908,Fiji ,0
1912,Fiji ,0
1920,Fiji ,0
1924,Fiji ,0
1928,Fiji ,0
1932,Fiji ,0
1936,Fiji ,0
1948,Fiji ,0
1952,Fiji ,0
1956,Fiji ,0
1960,Fiji ,0
1964,Fiji ,0
1968,Fiji ,0
1972,Fiji ,0
1976,Fiji ,0
1980,Fiji ,0
1984,Fiji ,0
1988,Fiji ,0
1992,Fiji ,0
1994,Fiji ,0
1996,Fiji ,0
1998,Fiji ,0
2000,Fiji ,0
2002,Fiji ,0
2004,Fiji ,0
2006,Fiji ,0
2008,Fiji ,0
2010,Fiji ,0
2012,Fiji ,0
2014,Fiji ,0
2016,Fiji ,13
1896,Finland ,0
1900,Finland ,0
1904,Finland ,0
1906,Finland ,4
1908,Finland ,34
1912,Finland ,105
1920,Finland ,157
1924,Finland ,224
1928,Finland ,253
1932,Finland ,285
1936,Finland ,321
1948,Finland ,363
1952,Finland ,415
1956,Finland ,453
1960,Finland ,472
1964,Finland ,492
1968,Finland ,504
1972,Finland ,524
1976,Finland ,546
1980,Finland ,567
1984,Finland ,598
1988,Finland ,636
1992,Finland ,656
1994,Finland ,686
1996,Finland ,690
1998,Finland ,748
2000,Finland ,753
2002,Finland ,766
2004,Finland ,768
2006,Finland ,809
2008,Finland ,814
2010,Finland ,861
2012,Finland ,866
2014,Finland ,899
2016,Finland ,900
1896,France ,11
1900,France ,246
1904,France ,248
1906,France ,312
1908,France ,352
1912,France ,378
1920,France ,519
1924,France ,639
1928,France ,691
1932,France ,733
1936,France ,778
1948,France ,855
1952,France ,896
1956,France ,929
1960,France ,944
1964,France ,982
1968,France ,1018
1972,France ,1043
1976,France ,1064
1980,France ,1094
1984,France ,1164
1988,France ,1195
1992,France ,1264
1994,France ,1275
1996,France ,1326
1998,France ,1341
2000,France ,1407
2002,France ,1422
2004,France ,1475
2006,France ,1490
2008,France ,1567
2010,France ,1581
2012,France ,1663
2014,France ,1681
2016,France ,1777
1896,West Germany,0
1900,West Germany,0
1904,West Germany,0
1906,West Germany,0
1908,West Germany,0
1912,West Germany,0
1920,West Germany,0
1924,West Germany,0
1928,West Germany,0
1932,West Germany,0
1936,West Germany,0
1948,West Germany,0
1952,West Germany,0
1956,West Germany,0
1960,West Germany,0
1964,West Germany,0
1968,West Germany,61
1972,West Germany,173
1976,West Germany,283
1980,West Germany,291
1984,West Germany,457
1988,West Germany,586
1992,West Germany,586
1994,West Germany,586
1996,West Germany,586
1998,West Germany,586
2000,West Germany,586
2002,West Germany,586
2004,West Germany,586
2006,West Germany,586
2008,West Germany,586
2010,West Germany,586
2012,West Germany,586
2014,West Germany,586
2016,West Germany,586
1896,Gabon ,0
1900,Gabon ,0
1904,Gabon ,0
1906,Gabon ,0
1908,Gabon ,0
1912,Gabon ,0
1920,Gabon ,0
1924,Gabon ,0
1928,Gabon ,0
1932,Gabon ,0
1936,Gabon ,0
1948,Gabon ,0
1952,Gabon ,0
1956,Gabon ,0
1960,Gabon ,0
1964,Gabon ,0
1968,Gabon ,0
1972,Gabon ,0
1976,Gabon ,0
1980,Gabon ,0
1984,Gabon ,0
1988,Gabon ,0
1992,Gabon ,0
1994,Gabon ,0
1996,Gabon ,0
1998,Gabon ,0
2000,Gabon ,0
2002,Gabon ,0
2004,Gabon ,0
2006,Gabon ,0
2008,Gabon ,0
2010,Gabon ,0
2012,Gabon ,1
2014,Gabon ,1
2016,Gabon ,1
1896,United Kingdom,9
1900,United Kingdom,117
1904,United Kingdom,119
1906,United Kingdom,158
1908,United Kingdom,526
1912,United Kingdom,696
1920,United Kingdom,807
1924,United Kingdom,902
1928,United Kingdom,961
1932,United Kingdom,996
1936,United Kingdom,1049
1948,United Kingdom,1112
1952,United Kingdom,1144
1956,United Kingdom,1190
1960,United Kingdom,1218
1964,United Kingdom,1248
1968,United Kingdom,1267
1972,United Kingdom,1296
1976,United Kingdom,1329
1980,United Kingdom,1377
1984,United Kingdom,1450
1988,United Kingdom,1504
1992,United Kingdom,1554
1994,United Kingdom,1557
1996,United Kingdom,1583
1998,United Kingdom,1587
2000,United Kingdom,1641
2002,United Kingdom,1647
2004,United Kingdom,1704
2006,United Kingdom,1705
2008,United Kingdom,1786
2010,United Kingdom,1787
2012,United Kingdom,1913
2014,United Kingdom,1923
2016,United Kingdom,2068
1896,East Germany,0
1900,East Germany,0
1904,East Germany,0
1906,East Germany,0
1908,East Germany,0
1912,East Germany,0
1920,East Germany,0
1924,East Germany,0
1928,East Germany,0
1932,East Germany,0
1936,East Germany,0
1948,East Germany,0
1952,East Germany,0
1956,East Germany,0
1960,East Germany,0
1964,East Germany,0
1968,East Germany,58
1972,East Germany,229
1976,East Germany,456
1980,East Germany,759
1984,East Germany,792
1988,East Germany,1005
1992,East Germany,1005
1994,East Germany,1005
1996,East Germany,1005
1998,East Germany,1005
2000,East Germany,1005
2002,East Germany,1005
2004,East Germany,1005
2006,East Germany,1005
2008,East Germany,1005
2010,East Germany,1005
2012,East Germany,1005
2014,East Germany,1005
2016,East Germany,1005
1896,Georgia ,0
1900,Georgia ,0
1904,Georgia ,0
1906,Georgia ,0
1908,Georgia ,0
1912,Georgia ,0
1920,Georgia ,0
1924,Georgia ,0
1928,Georgia ,0
1932,Georgia ,0
1936,Georgia ,0
1948,Georgia ,0
1952,Georgia ,0
1956,Georgia ,0
1960,Georgia ,0
1964,Georgia ,0
1968,Georgia ,0
1972,Georgia ,0
1976,Georgia ,0
1980,Georgia ,0
1984,Georgia ,0
1988,Georgia ,0
1992,Georgia ,0
1994,Georgia ,0
1996,Georgia ,2
1998,Georgia ,2
2000,Georgia ,8
2002,Georgia ,8
2004,Georgia ,12
2006,Georgia ,12
2008,Georgia ,18
2010,Georgia ,18
2012,Georgia ,25
2014,Georgia ,25
2016,Georgia ,32
1896,Germany ,32
1900,Germany ,77
1904,Germany ,93
1906,Germany ,123
1908,Germany ,144
1912,Germany ,197
1920,Germany ,197
1924,Germany ,197
1928,Germany ,279
1932,Germany ,336
1936,Germany ,567
1948,Germany ,567
1952,Germany ,619
1956,Germany ,673
1960,Germany ,771
1964,Germany ,897
1968,Germany ,897
1972,Germany ,897
1976,Germany ,897
1980,Germany ,897
1984,Germany ,897
1988,Germany ,897
1992,Germany ,1133
1994,Germany ,1173
1996,Germany ,1297
1998,Germany ,1341
2000,Germany ,1459
2002,Germany ,1520
2004,Germany ,1669
2006,Germany ,1723
2008,Germany ,1822
2010,Germany ,1876
2012,Germany ,1970
2014,Germany ,2006
2016,Germany ,2165
1896,Ghana ,0
1900,Ghana ,0
1904,Ghana ,0
1906,Ghana ,0
1908,Ghana ,0
1912,Ghana ,0
1920,Ghana ,0
1924,Ghana ,0
1928,Ghana ,0
1932,Ghana ,0
1936,Ghana ,0
1948,Ghana ,0
1952,Ghana ,0
1956,Ghana ,0
1960,Ghana ,1
1964,Ghana ,2
1968,Ghana ,2
1972,Ghana ,3
1976,Ghana ,3
1980,Ghana ,3
1984,Ghana ,3
1988,Ghana ,3
1992,Ghana ,23
1994,Ghana ,23
1996,Ghana ,23
1998,Ghana ,23
2000,Ghana ,23
2002,Ghana ,23
2004,Ghana ,23
2006,Ghana ,23
2008,Ghana ,23
2010,Ghana ,23
2012,Ghana ,23
2014,Ghana ,23
2016,Ghana ,23
1896,Greece ,48
1900,Greece ,48
1904,Greece ,50
1906,Greece ,152
1908,Greece ,156
1912,Greece ,158
1920,Greece ,163
1924,Greece ,164
1928,Greece ,164
1932,Greece ,164
1936,Greece ,164
1948,Greece ,164
1952,Greece ,164
1956,Greece ,165
1960,Greece ,168
1964,Greece ,168
1968,Greece ,169
1972,Greece ,171
1976,Greece ,171
1980,Greece ,176
1984,Greece ,178
1988,Greece ,179
1992,Greece ,181
1994,Greece ,181
1996,Greece ,189
1998,Greece ,189
2000,Greece ,207
2002,Greece ,207
2004,Greece ,238
2006,Greece ,238
2008,Greece ,245
2010,Greece ,245
2012,Greece ,248
2014,Greece ,248
2016,Greece ,255
1896,Grenada ,0
1900,Grenada ,0
1904,Grenada ,0
1906,Grenada ,0
1908,Grenada ,0
1912,Grenada ,0
1920,Grenada ,0
1924,Grenada ,0
1928,Grenada ,0
1932,Grenada ,0
1936,Grenada ,0
1948,Grenada ,0
1952,Grenada ,0
1956,Grenada ,0
1960,Grenada ,0
1964,Grenada ,0
1968,Grenada ,0
1972,Grenada ,0
1976,Grenada ,0
1980,Grenada ,0
1984,Grenada ,0
1988,Grenada ,0
1992,Grenada ,0
1994,Grenada ,0
1996,Grenada ,0
1998,Grenada ,0
2000,Grenada ,0
2002,Grenada ,0
2004,Grenada ,0
2006,Grenada ,0
2008,Grenada ,0
2010,Grenada ,0
2012,Grenada ,1
2014,Grenada ,1
2016,Grenada ,2
1896,Guatemala ,0
1900,Guatemala ,0
1904,Guatemala ,0
1906,Guatemala ,0
1908,Guatemala ,0
1912,Guatemala ,0
1920,Guatemala ,0
1924,Guatemala ,0
1928,Guatemala ,0
1932,Guatemala ,0
1936,Guatemala ,0
1948,Guatemala ,0
1952,Guatemala ,0
1956,Guatemala ,0
1960,Guatemala ,0
1964,Guatemala ,0
1968,Guatemala ,0
1972,Guatemala ,0
1976,Guatemala ,0
1980,Guatemala ,0
1984,Guatemala ,0
1988,Guatemala ,0
1992,Guatemala ,0
1994,Guatemala ,0
1996,Guatemala ,0
1998,Guatemala ,0
2000,Guatemala ,0
2002,Guatemala ,0
2004,Guatemala ,0
2006,Guatemala ,0
2008,Guatemala ,0
2010,Guatemala ,0
2012,Guatemala ,1
2014,Guatemala ,1
2016,Guatemala ,1
1896,Guyana ,0
1900,Guyana ,0
1904,Guyana ,0
1906,Guyana ,0
1908,Guyana ,0
1912,Guyana ,0
1920,Guyana ,0
1924,Guyana ,0
1928,Guyana ,0
1932,Guyana ,0
1936,Guyana ,0
1948,Guyana ,0
1952,Guyana ,0
1956,Guyana ,0
1960,Guyana ,0
1964,Guyana ,0
1968,Guyana ,0
1972,Guyana ,0
1976,Guyana ,0
1980,Guyana ,1
1984,Guyana ,1
1988,Guyana ,1
1992,Guyana ,1
1994,Guyana ,1
1996,Guyana ,1
1998,Guyana ,1
2000,Guyana ,1
2002,Guyana ,1
2004,Guyana ,1
2006,Guyana ,1
2008,Guyana ,1
2010,Guyana ,1
2012,Guyana ,1
2014,Guyana ,1
2016,Guyana ,1
1896,Haiti ,0
1900,Haiti ,1
1904,Haiti ,1
1906,Haiti ,1
1908,Haiti ,1
1912,Haiti ,1
1920,Haiti ,1
1924,Haiti ,6
1928,Haiti ,7
1932,Haiti ,7
1936,Haiti ,7
1948,Haiti ,7
1952,Haiti ,7
1956,Haiti ,7
1960,Haiti ,7
1964,Haiti ,7
1968,Haiti ,7
1972,Haiti ,7
1976,Haiti ,7
1980,Haiti ,7
1984,Haiti ,7
1988,Haiti ,7
1992,Haiti ,7
1994,Haiti ,7
1996,Haiti ,7
1998,Haiti ,7
2000,Haiti ,7
2002,Haiti ,7
2004,Haiti ,7
2006,Haiti ,7
2008,Haiti ,7
2010,Haiti ,7
2012,Haiti ,7
2014,Haiti ,7
2016,Haiti ,7
1896,Hong Kong,0
1900,Hong Kong,0
1904,Hong Kong,0
1906,Hong Kong,0
1908,Hong Kong,0
1912,Hong Kong,0
1920,Hong Kong,0
1924,Hong Kong,0
1928,Hong Kong,0
1932,Hong Kong,0
1936,Hong Kong,0
1948,Hong Kong,0
1952,Hong Kong,0
1956,Hong Kong,0
1960,Hong Kong,0
1964,Hong Kong,0
1968,Hong Kong,0
1972,Hong Kong,0
1976,Hong Kong,0
1980,Hong Kong,0
1984,Hong Kong,0
1988,Hong Kong,0
1992,Hong Kong,0
1994,Hong Kong,0
1996,Hong Kong,1
1998,Hong Kong,1
2000,Hong Kong,1
2002,Hong Kong,1
2004,Hong Kong,3
2006,Hong Kong,3
2008,Hong Kong,3
2010,Hong Kong,3
2012,Hong Kong,4
2014,Hong Kong,4
2016,Hong Kong,4
1896,Hungary ,6
1900,Hungary ,11
1904,Hungary ,15
1906,Hungary ,28
1908,Hungary ,48
1912,Hungary ,78
1920,Hungary ,78
1924,Hungary ,100
1928,Hungary ,121
1932,Hungary ,156
1936,Hungary ,199
1948,Hungary ,263
1952,Hungary ,367
1956,Hungary ,433
1960,Hungary ,499
1964,Hungary ,555
1968,Hungary ,636
1972,Hungary ,717
1976,Hungary ,772
1980,Hungary ,835
1984,Hungary ,835
1988,Hungary ,879
1992,Hungary ,924
1994,Hungary ,924
1996,Hungary ,967
1998,Hungary ,967
2000,Hungary ,1020
2002,Hungary ,1020
2004,Hungary ,1060
2006,Hungary ,1060
2008,Hungary ,1087
2010,Hungary ,1087
2012,Hungary ,1113
2014,Hungary ,1113
2016,Hungary ,1135
1896,Indonesia ,0
1900,Indonesia ,0
1904,Indonesia ,0
1906,Indonesia ,0
1908,Indonesia ,0
1912,Indonesia ,0
1920,Indonesia ,0
1924,Indonesia ,0
1928,Indonesia ,0
1932,Indonesia ,0
1936,Indonesia ,0
1948,Indonesia ,0
1952,Indonesia ,0
1956,Indonesia ,0
1960,Indonesia ,0
1964,Indonesia ,0
1968,Indonesia ,0
1972,Indonesia ,0
1976,Indonesia ,0
1980,Indonesia ,0
1984,Indonesia ,0
1988,Indonesia ,3
1992,Indonesia ,9
1994,Indonesia ,9
1996,Indonesia ,15
1998,Indonesia ,15
2000,Indonesia ,23
2002,Indonesia ,23
2004,Indonesia ,28
2006,Indonesia ,28
2008,Indonesia ,35
2010,Indonesia ,35
2012,Indonesia ,37
2014,Indonesia ,37
2016,Indonesia ,41
1896,India ,0
1900,India ,2
1904,India ,2
1906,India ,2
1908,India ,2
1912,India ,2
1920,India ,2
1924,India ,9
1928,India ,23
1932,India ,38
1936,India ,57
1948,India ,77
1952,India ,92
1956,India ,109
1960,India ,122
1964,India ,137
1968,India ,153
1972,India ,167
1976,India ,167
1980,India ,183
1984,India ,183
1988,India ,183
1992,India ,183
1994,India ,183
1996,India ,184
1998,India ,184
2000,India ,185
2002,India ,185
2004,India ,186
2006,India ,186
2008,India ,189
2010,India ,189
2012,India ,195
2014,India ,195
2016,India ,197
1896,Independent Olympic Athletes,0
1900,Independent Olympic Athletes,0
1904,Independent Olympic Athletes,0
1906,Independent Olympic Athletes,0
1908,Independent Olympic Athletes,0
1912,Independent Olympic Athletes,0
1920,Independent Olympic Athletes,0
1924,Independent Olympic Athletes,0
1928,Independent Olympic Athletes,0
1932,Independent Olympic Athletes,0
1936,Independent Olympic Athletes,0
1948,Independent Olympic Athletes,0
1952,Independent Olympic Athletes,0
1956,Independent Olympic Athletes,0
1960,Independent Olympic Athletes,0
1964,Independent Olympic Athletes,0
1968,Independent Olympic Athletes,0
1972,Independent Olympic Athletes,0
1976,Independent Olympic Athletes,0
1980,Independent Olympic Athletes,0
1984,Independent Olympic Athletes,0
1988,Independent Olympic Athletes,0
1992,Independent Olympic Athletes,3
1994,Independent Olympic Athletes,3
1996,Independent Olympic Athletes,3
1998,Independent Olympic Athletes,3
2000,Independent Olympic Athletes,3
2002,Independent Olympic Athletes,3
2004,Independent Olympic Athletes,3
2006,Independent Olympic Athletes,3
2008,Independent Olympic Athletes,3
2010,Independent Olympic Athletes,3
2012,Independent Olympic Athletes,3
2014,Independent Olympic Athletes,3
2016,Independent Olympic Athletes,5
1896,Iran ,0
1900,Iran ,0
1904,Iran ,0
1906,Iran ,0
1908,Iran ,0
1912,Iran ,0
1920,Iran ,0
1924,Iran ,0
1928,Iran ,0
1932,Iran ,0
1936,Iran ,0
1948,Iran ,1
1952,Iran ,8
1956,Iran ,13
1960,Iran ,17
1964,Iran ,19
1968,Iran ,24
1972,Iran ,27
1976,Iran ,29
1980,Iran ,29
1984,Iran ,29
1988,Iran ,30
1992,Iran ,33
1994,Iran ,33
1996,Iran ,36
1998,Iran ,36
2000,Iran ,40
2002,Iran ,40
2004,Iran ,46
2006,Iran ,46
2008,Iran ,48
2010,Iran ,48
2012,Iran ,60
2014,Iran ,60
2016,Iran ,68
1896,Ireland ,0
1900,Ireland ,0
1904,Ireland ,0
1906,Ireland ,0
1908,Ireland ,0
1912,Ireland ,0
1920,Ireland ,0
1924,Ireland ,2
1928,Ireland ,3
1932,Ireland ,5
1936,Ireland ,5
1948,Ireland ,6
1952,Ireland ,7
1956,Ireland ,12
1960,Ireland ,12
1964,Ireland ,13
1968,Ireland ,13
1972,Ireland ,13
1976,Ireland ,13
1980,Ireland ,16
1984,Ireland ,17
1988,Ireland ,17
1992,Ireland ,19
1994,Ireland ,19
1996,Ireland ,23
1998,Ireland ,23
2000,Ireland ,24
2002,Ireland ,24
2004,Ireland ,24
2006,Ireland ,24
2008,Ireland ,27
2010,Ireland ,27
2012,Ireland ,32
2014,Ireland ,32
2016,Ireland ,35
1896,Iceland ,0
1900,Iceland ,0
1904,Iceland ,0
1906,Iceland ,0
1908,Iceland ,0
1912,Iceland ,0
1920,Iceland ,0
1924,Iceland ,0
1928,Iceland ,0
1932,Iceland ,0
1936,Iceland ,0
1948,Iceland ,0
1952,Iceland ,0
1956,Iceland ,1
1960,Iceland ,1
1964,Iceland ,1
1968,Iceland ,1
1972,Iceland ,1
1976,Iceland ,1
1980,Iceland ,1
1984,Iceland ,2
1988,Iceland ,2
1992,Iceland ,2
1994,Iceland ,2
1996,Iceland ,2
1998,Iceland ,2
2000,Iceland ,3
2002,Iceland ,3
2004,Iceland ,3
2006,Iceland ,3
2008,Iceland ,17
2010,Iceland ,17
2012,Iceland ,17
2014,Iceland ,17
2016,Iceland ,17
1896,Israel ,0
1900,Israel ,0
1904,Israel ,0
1906,Israel ,0
1908,Israel ,0
1912,Israel ,0
1920,Israel ,0
1924,Israel ,0
1928,Israel ,0
1932,Israel ,0
1936,Israel ,0
1948,Israel ,0
1952,Israel ,0
1956,Israel ,0
1960,Israel ,0
1964,Israel ,0
1968,Israel ,0
1972,Israel ,0
1976,Israel ,0
1980,Israel ,0
1984,Israel ,0
1988,Israel ,0
1992,Israel ,2
1994,Israel ,2
1996,Israel ,3
1998,Israel ,3
2000,Israel ,4
2002,Israel ,4
2004,Israel ,6
2006,Israel ,6
2008,Israel ,7
2010,Israel ,7
2012,Israel ,7
2014,Israel ,7
2016,Israel ,9
1896,Virgin Islands,0
1900,Virgin Islands,0
1904,Virgin Islands,0
1906,Virgin Islands,0
1908,Virgin Islands,0
1912,Virgin Islands,0
1920,Virgin Islands,0
1924,Virgin Islands,0
1928,Virgin Islands,0
1932,Virgin Islands,0
1936,Virgin Islands,0
1948,Virgin Islands,0
1952,Virgin Islands,0
1956,Virgin Islands,0
1960,Virgin Islands,0
1964,Virgin Islands,0
1968,Virgin Islands,0
1972,Virgin Islands,0
1976,Virgin Islands,0
1980,Virgin Islands,0
1984,Virgin Islands,0
1988,Virgin Islands,1
1992,Virgin Islands,1
1994,Virgin Islands,1
1996,Virgin Islands,1
1998,Virgin Islands,1
2000,Virgin Islands,1
2002,Virgin Islands,1
2004,Virgin Islands,1
2006,Virgin Islands,1
2008,Virgin Islands,1
2010,Virgin Islands,1
2012,Virgin Islands,1
2014,Virgin Islands,1
2016,Virgin Islands,1
1896,Italy ,0
1900,Italy ,5
1904,Italy ,5
1906,Italy ,61
1908,Italy ,69
1912,Italy ,94
1920,Italy ,178
1924,Italy ,229
1928,Italy ,301
1932,Italy ,378
1936,Italy ,454
1948,Italy ,522
1952,Italy ,578
1956,Italy ,633
1960,Italy ,722
1964,Italy ,783
1968,Italy ,824
1972,Italy ,858
1976,Italy ,893
1980,Italy ,933
1984,Italy ,998
1988,Italy ,1035
1992,Italy ,1101
1994,Italy ,1133
1996,Italy ,1204
1998,Italy ,1221
2000,Italy ,1286
2002,Italy ,1307
2004,Italy ,1411
2006,Italy ,1436
2008,Italy ,1478
2010,Italy ,1483
2012,Italy ,1551
2014,Italy ,1565
2016,Italy ,1637
1896,Jamaica ,0
1900,Jamaica ,0
1904,Jamaica ,0
1906,Jamaica ,0
1908,Jamaica ,0
1912,Jamaica ,0
1920,Jamaica ,0
1924,Jamaica ,0
1928,Jamaica ,0
1932,Jamaica ,0
1936,Jamaica ,0
1948,Jamaica ,3
1952,Jamaica ,11
1956,Jamaica ,11
1960,Jamaica ,11
1964,Jamaica ,11
1968,Jamaica ,12
1972,Jamaica ,13
1976,Jamaica ,15
1980,Jamaica ,18
1984,Jamaica ,25
1988,Jamaica ,32
1992,Jamaica ,36
1994,Jamaica ,36
1996,Jamaica ,52
1998,Jamaica ,52
2000,Jamaica ,75
2002,Jamaica ,75
2004,Jamaica ,88
2006,Jamaica ,88
2008,Jamaica ,102
2010,Jamaica ,102
2012,Jamaica ,127
2014,Jamaica ,127
2016,Jamaica ,157
1896,Jordan ,0
1900,Jordan ,0
1904,Jordan ,0
1906,Jordan ,0
1908,Jordan ,0
1912,Jordan ,0
1920,Jordan ,0
1924,Jordan ,0
1928,Jordan ,0
1932,Jordan ,0
1936,Jordan ,0
1948,Jordan ,0
1952,Jordan ,0
1956,Jordan ,0
1960,Jordan ,0
1964,Jordan ,0
1968,Jordan ,0
1972,Jordan ,0
1976,Jordan ,0
1980,Jordan ,0
1984,Jordan ,0
1988,Jordan ,0
1992,Jordan ,0
1994,Jordan ,0
1996,Jordan ,0
1998,Jordan ,0
2000,Jordan ,0
2002,Jordan ,0
2004,Jordan ,0
2006,Jordan ,0
2008,Jordan ,0
2010,Jordan ,0
2012,Jordan ,0
2014,Jordan ,0
2016,Jordan ,1
1896,Japan ,0
1900,Japan ,0
1904,Japan ,0
1906,Japan ,0
1908,Japan ,0
1912,Japan ,0
1920,Japan ,3
1924,Japan ,4
1928,Japan ,13
1932,Japan ,44
1936,Japan ,67
1948,Japan ,67
1952,Japan ,79
1956,Japan ,104
1960,Japan ,135
1964,Japan ,197
1968,Japan ,260
1972,Japan ,319
1976,Japan ,360
1980,Japan ,361
1984,Japan ,411
1988,Japan ,432
1992,Japan ,491
1994,Japan ,501
1996,Japan ,543
1998,Japan ,556
2000,Japan ,600
2002,Japan ,602
2004,Japan ,695
2006,Japan ,696
2008,Japan ,747
2010,Japan ,754
2012,Japan ,838
2014,Japan ,849
2016,Japan ,913
1896,Kazakhstan ,0
1900,Kazakhstan ,0
1904,Kazakhstan ,0
1906,Kazakhstan ,0
1908,Kazakhstan ,0
1912,Kazakhstan ,0
1920,Kazakhstan ,0
1924,Kazakhstan ,0
1928,Kazakhstan ,0
1932,Kazakhstan ,0
1936,Kazakhstan ,0
1948,Kazakhstan ,0
1952,Kazakhstan ,0
1956,Kazakhstan ,0
1960,Kazakhstan ,0
1964,Kazakhstan ,0
1968,Kazakhstan ,0
1972,Kazakhstan ,0
1976,Kazakhstan ,0
1980,Kazakhstan ,0
1984,Kazakhstan ,0
1988,Kazakhstan ,0
1992,Kazakhstan ,0
1994,Kazakhstan ,3
1996,Kazakhstan ,14
1998,Kazakhstan ,16
2000,Kazakhstan ,23
2002,Kazakhstan ,23
2004,Kazakhstan ,31
2006,Kazakhstan ,31
2008,Kazakhstan ,44
2010,Kazakhstan ,45
2012,Kazakhstan ,58
2014,Kazakhstan ,59
2016,Kazakhstan ,77
1896,Kenya ,0
1900,Kenya ,0
1904,Kenya ,0
1906,Kenya ,0
1908,Kenya ,0
1912,Kenya ,0
1920,Kenya ,0
1924,Kenya ,0
1928,Kenya ,0
1932,Kenya ,0
1936,Kenya ,0
1948,Kenya ,0
1952,Kenya ,0
1956,Kenya ,0
1960,Kenya ,0
1964,Kenya ,1
1968,Kenya ,13
1972,Kenya ,25
1976,Kenya ,25
1980,Kenya ,25
1984,Kenya ,28
1988,Kenya ,37
1992,Kenya ,45
1994,Kenya ,45
1996,Kenya ,53
1998,Kenya ,53
2000,Kenya ,60
2002,Kenya ,60
2004,Kenya ,67
2006,Kenya ,67
2008,Kenya ,82
2010,Kenya ,82
2012,Kenya ,93
2014,Kenya ,93
2016,Kenya ,106
1896,Kyrgyzstan ,0
1900,Kyrgyzstan ,0
1904,Kyrgyzstan ,0
1906,Kyrgyzstan ,0
1908,Kyrgyzstan ,0
1912,Kyrgyzstan ,0
1920,Kyrgyzstan ,0
1924,Kyrgyzstan ,0
1928,Kyrgyzstan ,0
1932,Kyrgyzstan ,0
1936,Kyrgyzstan ,0
1948,Kyrgyzstan ,0
1952,Kyrgyzstan ,0
1956,Kyrgyzstan ,0
1960,Kyrgyzstan ,0
1964,Kyrgyzstan ,0
1968,Kyrgyzstan ,0
1972,Kyrgyzstan ,0
1976,Kyrgyzstan ,0
1980,Kyrgyzstan ,0
1984,Kyrgyzstan ,0
1988,Kyrgyzstan ,0
1992,Kyrgyzstan ,0
1994,Kyrgyzstan ,0
1996,Kyrgyzstan ,0
1998,Kyrgyzstan ,0
2000,Kyrgyzstan ,1
2002,Kyrgyzstan ,1
2004,Kyrgyzstan ,1
2006,Kyrgyzstan ,1
2008,Kyrgyzstan ,3
2010,Kyrgyzstan ,3
2012,Kyrgyzstan ,3
2014,Kyrgyzstan ,3
2016,Kyrgyzstan ,3
1896,South Korea,0
1900,South Korea,0
1904,South Korea,0
1906,South Korea,0
1908,South Korea,0
1912,South Korea,0
1920,South Korea,0
1924,South Korea,0
1928,South Korea,0
1932,South Korea,0
1936,South Korea,0
1948,South Korea,2
1952,South Korea,4
1956,South Korea,6
1960,South Korea,6
1964,South Korea,9
1968,South Korea,11
1972,South Korea,12
1976,South Korea,29
1980,South Korea,29
1984,South Korea,70
1988,South Korea,147
1992,South Korea,203
1994,South Korea,212
1996,South Korea,278
1998,South Korea,290
2000,South Korea,363
2002,South Korea,370
2004,South Korea,422
2006,South Korea,441
2008,South Korea,519
2010,South Korea,537
2012,South Korea,598
2014,South Korea,612
2016,South Korea,638
1896,Kosovo,0
1900,Kosovo,0
1904,Kosovo,0
1906,Kosovo,0
1908,Kosovo,0
1912,Kosovo,0
1920,Kosovo,0
1924,Kosovo,0
1928,Kosovo,0
1932,Kosovo,0
1936,Kosovo,0
1948,Kosovo,0
1952,Kosovo,0
1956,Kosovo,0
1960,Kosovo,0
1964,Kosovo,0
1968,Kosovo,0
1972,Kosovo,0
1976,Kosovo,0
1980,Kosovo,0
1984,Kosovo,0
1988,Kosovo,0
1992,Kosovo,0
1994,Kosovo,0
1996,Kosovo,0
1998,Kosovo,0
2000,Kosovo,0
2002,Kosovo,0
2004,Kosovo,0
2006,Kosovo,0
2008,Kosovo,0
2010,Kosovo,0
2012,Kosovo,0
2014,Kosovo,0
2016,Kosovo,1
1896,Saudi Arabia ,0
1900,Saudi Arabia ,0
1904,Saudi Arabia ,0
1906,Saudi Arabia ,0
1908,Saudi Arabia ,0
1912,Saudi Arabia ,0
1920,Saudi Arabia ,0
1924,Saudi Arabia ,0
1928,Saudi Arabia ,0
1932,Saudi Arabia ,0
1936,Saudi Arabia ,0
1948,Saudi Arabia ,0
1952,Saudi Arabia ,0
1956,Saudi Arabia ,0
1960,Saudi Arabia ,0
1964,Saudi Arabia ,0
1968,Saudi Arabia ,0
1972,Saudi Arabia ,0
1976,Saudi Arabia ,0
1980,Saudi Arabia ,0
1984,Saudi Arabia ,0
1988,Saudi Arabia ,0
1992,Saudi Arabia ,0
1994,Saudi Arabia ,0
1996,Saudi Arabia ,0
1998,Saudi Arabia ,0
2000,Saudi Arabia ,2
2002,Saudi Arabia ,2
2004,Saudi Arabia ,2
2006,Saudi Arabia ,2
2008,Saudi Arabia ,2
2010,Saudi Arabia ,2
2012,Saudi Arabia ,6
2014,Saudi Arabia ,6
2016,Saudi Arabia ,6
1896,Kuwait ,0
1900,Kuwait ,0
1904,Kuwait ,0
1906,Kuwait ,0
1908,Kuwait ,0
1912,Kuwait ,0
1920,Kuwait ,0
1924,Kuwait ,0
1928,Kuwait ,0
1932,Kuwait ,0
1936,Kuwait ,0
1948,Kuwait ,0
1952,Kuwait ,0
1956,Kuwait ,0
1960,Kuwait ,0
1964,Kuwait ,0
1968,Kuwait ,0
1972,Kuwait ,0
1976,Kuwait ,0
1980,Kuwait ,0
1984,Kuwait ,0
1988,Kuwait ,0
1992,Kuwait ,0
1994,Kuwait ,0
1996,Kuwait ,0
1998,Kuwait ,0
2000,Kuwait ,1
2002,Kuwait ,1
2004,Kuwait ,1
2006,Kuwait ,1
2008,Kuwait ,1
2010,Kuwait ,1
2012,Kuwait ,2
2014,Kuwait ,2
2016,Kuwait ,2
1896,Latvia ,0
1900,Latvia ,0
1904,Latvia ,0
1906,Latvia ,0
1908,Latvia ,0
1912,Latvia ,0
1920,Latvia ,0
1924,Latvia ,0
1928,Latvia ,0
1932,Latvia ,1
1936,Latvia ,3
1948,Latvia ,3
1952,Latvia ,3
1956,Latvia ,3
1960,Latvia ,3
1964,Latvia ,3
1968,Latvia ,3
1972,Latvia ,3
1976,Latvia ,3
1980,Latvia ,3
1984,Latvia ,3
1988,Latvia ,3
1992,Latvia ,6
1994,Latvia ,6
1996,Latvia ,7
1998,Latvia ,7
2000,Latvia ,10
2002,Latvia ,10
2004,Latvia ,14
2006,Latvia ,15
2008,Latvia ,18
2010,Latvia ,21
2012,Latvia ,24
2014,Latvia ,35
2016,Latvia ,35
1896,Lebanon ,0
1900,Lebanon ,0
1904,Lebanon ,0
1906,Lebanon ,0
1908,Lebanon ,0
1912,Lebanon ,0
1920,Lebanon ,0
1924,Lebanon ,0
1928,Lebanon ,0
1932,Lebanon ,0
1936,Lebanon ,0
1948,Lebanon ,0
1952,Lebanon ,2
1956,Lebanon ,2
1960,Lebanon ,2
1964,Lebanon ,2
1968,Lebanon ,2
1972,Lebanon ,3
1976,Lebanon ,3
1980,Lebanon ,4
1984,Lebanon ,4
1988,Lebanon ,4
1992,Lebanon ,4
1994,Lebanon ,4
1996,Lebanon ,4
1998,Lebanon ,4
2000,Lebanon ,4
2002,Lebanon ,4
2004,Lebanon ,4
2006,Lebanon ,4
2008,Lebanon ,4
2010,Lebanon ,4
2012,Lebanon ,4
2014,Lebanon ,4
2016,Lebanon ,4
1896,Liechtenstein ,0
1900,Liechtenstein ,0
1904,Liechtenstein ,0
1906,Liechtenstein ,0
1908,Liechtenstein ,0
1912,Liechtenstein ,0
1920,Liechtenstein ,0
1924,Liechtenstein ,0
1928,Liechtenstein ,0
1932,Liechtenstein ,0
1936,Liechtenstein ,0
1948,Liechtenstein ,0
1952,Liechtenstein ,0
1956,Liechtenstein ,0
1960,Liechtenstein ,0
1964,Liechtenstein ,0
1968,Liechtenstein ,0
1972,Liechtenstein ,0
1976,Liechtenstein ,2
1980,Liechtenstein ,6
1984,Liechtenstein ,8
1988,Liechtenstein ,9
1992,Liechtenstein ,9
1994,Liechtenstein ,9
1996,Liechtenstein ,9
1998,Liechtenstein ,9
2000,Liechtenstein ,9
2002,Liechtenstein ,9
2004,Liechtenstein ,9
2006,Liechtenstein ,9
2008,Liechtenstein ,9
2010,Liechtenstein ,9
2012,Liechtenstein ,9
2014,Liechtenstein ,9
2016,Liechtenstein ,9
1896,Lithuania ,0
1900,Lithuania ,0
1904,Lithuania ,0
1906,Lithuania ,0
1908,Lithuania ,0
1912,Lithuania ,0
1920,Lithuania ,0
1924,Lithuania ,0
1928,Lithuania ,0
1932,Lithuania ,0
1936,Lithuania ,0
1948,Lithuania ,0
1952,Lithuania ,0
1956,Lithuania ,0
1960,Lithuania ,0
1964,Lithuania ,0
1968,Lithuania ,0
1972,Lithuania ,0
1976,Lithuania ,0
1980,Lithuania ,0
1984,Lithuania ,0
1988,Lithuania ,0
1992,Lithuania ,13
1994,Lithuania ,13
1996,Lithuania ,24
1998,Lithuania ,24
2000,Lithuania ,41
2002,Lithuania ,41
2004,Lithuania ,44
2006,Lithuania ,44
2008,Lithuania ,49
2010,Lithuania ,49
2012,Lithuania ,54
2014,Lithuania ,54
2016,Lithuania ,61
1896,Luxembourg ,0
1900,Luxembourg ,1
1904,Luxembourg ,1
1906,Luxembourg ,1
1908,Luxembourg ,1
1912,Luxembourg ,1
1920,Luxembourg ,2
1924,Luxembourg ,4
1928,Luxembourg ,5
1932,Luxembourg ,5
1936,Luxembourg ,5
1948,Luxembourg ,5
1952,Luxembourg ,6
1956,Luxembourg ,6
1960,Luxembourg ,6
1964,Luxembourg ,6
1968,Luxembourg ,6
1972,Luxembourg ,6
1976,Luxembourg ,6
1980,Luxembourg ,6
1984,Luxembourg ,6
1988,Luxembourg ,6
1992,Luxembourg ,8
1994,Luxembourg ,8
1996,Luxembourg ,8
1998,Luxembourg ,8
2000,Luxembourg ,8
2002,Luxembourg ,8
2004,Luxembourg ,8
2006,Luxembourg ,8
2008,Luxembourg ,8
2010,Luxembourg ,8
2012,Luxembourg ,8
2014,Luxembourg ,8
2016,Luxembourg ,8
1896,Morocco ,0
1900,Morocco ,0
1904,Morocco ,0
1906,Morocco ,0
1908,Morocco ,0
1912,Morocco ,0
1920,Morocco ,0
1924,Morocco ,0
1928,Morocco ,0
1932,Morocco ,0
1936,Morocco ,0
1948,Morocco ,0
1952,Morocco ,0
1956,Morocco ,0
1960,Morocco ,1
1964,Morocco ,1
1968,Morocco ,1
1972,Morocco ,1
1976,Morocco ,1
1980,Morocco ,1
1984,Morocco ,3
1988,Morocco ,6
1992,Morocco ,9
1994,Morocco ,9
1996,Morocco ,11
1998,Morocco ,11
2000,Morocco ,16
2002,Morocco ,16
2004,Morocco ,19
2006,Morocco ,19
2008,Morocco ,21
2010,Morocco ,21
2012,Morocco ,22
2014,Morocco ,22
2016,Morocco ,23
1896,Malaysia ,0
1900,Malaysia ,0
1904,Malaysia ,0
1906,Malaysia ,0
1908,Malaysia ,0
1912,Malaysia ,0
1920,Malaysia ,0
1924,Malaysia ,0
1928,Malaysia ,0
1932,Malaysia ,0
1936,Malaysia ,0
1948,Malaysia ,0
1952,Malaysia ,0
1956,Malaysia ,0
1960,Malaysia ,0
1964,Malaysia ,0
1968,Malaysia ,0
1972,Malaysia ,0
1976,Malaysia ,0
1980,Malaysia ,0
1984,Malaysia ,0
1988,Malaysia ,0
1992,Malaysia ,2
1994,Malaysia ,2
1996,Malaysia ,5
1998,Malaysia ,5
2000,Malaysia ,5
2002,Malaysia ,5
2004,Malaysia ,5
2006,Malaysia ,5
2008,Malaysia ,6
2010,Malaysia ,6
2012,Malaysia ,8
2014,Malaysia ,8
2016,Malaysia ,16
1896,Moldova ,0
1900,Moldova ,0
1904,Moldova ,0
1906,Moldova ,0
1908,Moldova ,0
1912,Moldova ,0
1920,Moldova ,0
1924,Moldova ,0
1928,Moldova ,0
1932,Moldova ,0
1936,Moldova ,0
1948,Moldova ,0
1952,Moldova ,0
1956,Moldova ,0
1960,Moldova ,0
1964,Moldova ,0
1968,Moldova ,0
1972,Moldova ,0
1976,Moldova ,0
1980,Moldova ,0
1984,Moldova ,0
1988,Moldova ,0
1992,Moldova ,0
1994,Moldova ,0
1996,Moldova ,3
1998,Moldova ,3
2000,Moldova ,5
2002,Moldova ,5
2004,Moldova ,5
2006,Moldova ,5
2008,Moldova ,6
2010,Moldova ,6
2012,Moldova ,8
2014,Moldova ,8
2016,Moldova ,8
1896,Mexico ,0
1900,Mexico ,3
1904,Mexico ,3
1906,Mexico ,3
1908,Mexico ,3
1912,Mexico ,3
1920,Mexico ,3
1924,Mexico ,3
1928,Mexico ,3
1932,Mexico ,5
1936,Mexico ,21
1948,Mexico ,30
1952,Mexico ,31
1956,Mexico ,33
1960,Mexico ,34
1964,Mexico ,35
1968,Mexico ,44
1972,Mexico ,45
1976,Mexico ,47
1980,Mexico ,57
1984,Mexico ,63
1988,Mexico ,65
1992,Mexico ,66
1994,Mexico ,66
1996,Mexico ,67
1998,Mexico ,67
2000,Mexico ,73
2002,Mexico ,73
2004,Mexico ,77
2006,Mexico ,77
2008,Mexico ,81
2010,Mexico ,81
2012,Mexico ,105
2014,Mexico ,105
2016,Mexico ,110
1896,Mongolia ,0
1900,Mongolia ,0
1904,Mongolia ,0
1906,Mongolia ,0
1908,Mongolia ,0
1912,Mongolia ,0
1920,Mongolia ,0
1924,Mongolia ,0
1928,Mongolia ,0
1932,Mongolia ,0
1936,Mongolia ,0
1948,Mongolia ,0
1952,Mongolia ,0
1956,Mongolia ,0
1960,Mongolia ,0
1964,Mongolia ,0
1968,Mongolia ,4
1972,Mongolia ,5
1976,Mongolia ,6
1980,Mongolia ,10
1984,Mongolia ,10
1988,Mongolia ,11
1992,Mongolia ,13
1994,Mongolia ,13
1996,Mongolia ,14
1998,Mongolia ,14
2000,Mongolia ,14
2002,Mongolia ,14
2004,Mongolia ,15
2006,Mongolia ,15
2008,Mongolia ,19
2010,Mongolia ,19
2012,Mongolia ,24
2014,Mongolia ,24
2016,Mongolia ,26
1896,Macedonia ,0
1900,Macedonia ,0
1904,Macedonia ,0
1906,Macedonia ,0
1908,Macedonia ,0
1912,Macedonia ,0
1920,Macedonia ,0
1924,Macedonia ,0
1928,Macedonia ,0
1932,Macedonia ,0
1936,Macedonia ,0
1948,Macedonia ,0
1952,Macedonia ,0
1956,Macedonia ,0
1960,Macedonia ,0
1964,Macedonia ,0
1968,Macedonia ,0
1972,Macedonia ,0
1976,Macedonia ,0
1980,Macedonia ,0
1984,Macedonia ,0
1988,Macedonia ,0
1992,Macedonia ,0
1994,Macedonia ,0
1996,Macedonia ,0
1998,Macedonia ,0
2000,Macedonia ,1
2002,Macedonia ,1
2004,Macedonia ,1
2006,Macedonia ,1
2008,Macedonia ,1
2010,Macedonia ,1
2012,Macedonia ,1
2014,Macedonia ,1
2016,Macedonia ,1
1896,Montenegro ,0
1900,Montenegro ,0
1904,Montenegro ,0
1906,Montenegro ,0
1908,Montenegro ,0
1912,Montenegro ,0
1920,Montenegro ,0
1924,Montenegro ,0
1928,Montenegro ,0
1932,Montenegro ,0
1936,Montenegro ,0
1948,Montenegro ,0
1952,Montenegro ,0
1956,Montenegro ,0
1960,Montenegro ,0
1964,Montenegro ,0
1968,Montenegro ,0
1972,Montenegro ,0
1976,Montenegro ,0
1980,Montenegro ,0
1984,Montenegro ,0
1988,Montenegro ,0
1992,Montenegro ,0
1994,Montenegro ,0
1996,Montenegro ,0
1998,Montenegro ,0
2000,Montenegro ,0
2002,Montenegro ,0
2004,Montenegro ,0
2006,Montenegro ,0
2008,Montenegro ,0
2010,Montenegro ,0
2012,Montenegro ,14
2014,Montenegro ,14
2016,Montenegro ,14
1896,Mozambique ,0
1900,Mozambique ,0
1904,Mozambique ,0
1906,Mozambique ,0
1908,Mozambique ,0
1912,Mozambique ,0
1920,Mozambique ,0
1924,Mozambique ,0
1928,Mozambique ,0
1932,Mozambique ,0
1936,Mozambique ,0
1948,Mozambique ,0
1952,Mozambique ,0
1956,Mozambique ,0
1960,Mozambique ,0
1964,Mozambique ,0
1968,Mozambique ,0
1972,Mozambique ,0
1976,Mozambique ,0
1980,Mozambique ,0
1984,Mozambique ,0
1988,Mozambique ,0
1992,Mozambique ,0
1994,Mozambique ,0
1996,Mozambique ,1
1998,Mozambique ,1
2000,Mozambique ,2
2002,Mozambique ,2
2004,Mozambique ,2
2006,Mozambique ,2
2008,Mozambique ,2
2010,Mozambique ,2
2012,Mozambique ,2
2014,Mozambique ,2
2016,Mozambique ,2
1896,Mauritius ,0
1900,Mauritius ,0
1904,Mauritius ,0
1906,Mauritius ,0
1908,Mauritius ,0
1912,Mauritius ,0
1920,Mauritius ,0
1924,Mauritius ,0
1928,Mauritius ,0
1932,Mauritius ,0
1936,Mauritius ,0
1948,Mauritius ,0
1952,Mauritius ,0
1956,Mauritius ,0
1960,Mauritius ,0
1964,Mauritius ,0
1968,Mauritius ,0
1972,Mauritius ,0
1976,Mauritius ,0
1980,Mauritius ,0
1984,Mauritius ,0
1988,Mauritius ,0
1992,Mauritius ,0
1994,Mauritius ,0
1996,Mauritius ,0
1998,Mauritius ,0
2000,Mauritius ,0
2002,Mauritius ,0
2004,Mauritius ,0
2006,Mauritius ,0
2008,Mauritius ,1
2010,Mauritius ,1
2012,Mauritius ,1
2014,Mauritius ,1
2016,Mauritius ,1
1896,Namibia ,0
1900,Namibia ,0
1904,Namibia ,0
1906,Namibia ,0
1908,Namibia ,0
1912,Namibia ,0
1920,Namibia ,0
1924,Namibia ,0
1928,Namibia ,0
1932,Namibia ,0
1936,Namibia ,0
1948,Namibia ,0
1952,Namibia ,0
1956,Namibia ,0
1960,Namibia ,0
1964,Namibia ,0
1968,Namibia ,0
1972,Namibia ,0
1976,Namibia ,0
1980,Namibia ,0
1984,Namibia ,0
1988,Namibia ,0
1992,Namibia ,2
1994,Namibia ,2
1996,Namibia ,4
1998,Namibia ,4
2000,Namibia ,4
2002,Namibia ,4
2004,Namibia ,4
2006,Namibia ,4
2008,Namibia ,4
2010,Namibia ,4
2012,Namibia ,4
2014,Namibia ,4
2016,Namibia ,4
1896,Netherlands ,0
1900,Netherlands ,27
1904,Netherlands ,27
1906,Netherlands ,33
1908,Netherlands ,49
1912,Netherlands ,75
1920,Netherlands ,125
1924,Netherlands ,152
1928,Netherlands ,209
1932,Netherlands ,222
1936,Netherlands ,259
1948,Netherlands ,301
1952,Netherlands ,322
1956,Netherlands ,322
1960,Netherlands ,327
1964,Netherlands ,360
1968,Netherlands ,383
1972,Netherlands ,398
1976,Netherlands ,418
1980,Netherlands ,428
1984,Netherlands ,469
1988,Netherlands ,521
1992,Netherlands ,558
1994,Netherlands ,562
1996,Netherlands ,635
1998,Netherlands ,646
2000,Netherlands ,725
2002,Netherlands ,733
2004,Netherlands ,810
2006,Netherlands ,823
2008,Netherlands ,884
2010,Netherlands ,895
2012,Netherlands ,964
2014,Netherlands ,993
2016,Netherlands ,1040
1896,Nigeria ,0
1900,Nigeria ,0
1904,Nigeria ,0
1906,Nigeria ,0
1908,Nigeria ,0
1912,Nigeria ,0
1920,Nigeria ,0
1924,Nigeria ,0
1928,Nigeria ,0
1932,Nigeria ,0
1936,Nigeria ,0
1948,Nigeria ,0
1952,Nigeria ,0
1956,Nigeria ,0
1960,Nigeria ,0
1964,Nigeria ,1
1968,Nigeria ,1
1972,Nigeria ,2
1976,Nigeria ,2
1980,Nigeria ,2
1984,Nigeria ,7
1988,Nigeria ,7
1992,Nigeria ,18
1994,Nigeria ,18
1996,Nigeria ,42
1998,Nigeria ,42
2000,Nigeria ,50
2002,Nigeria ,50
2004,Nigeria ,58
2006,Nigeria ,58
2008,Nigeria ,81
2010,Nigeria ,81
2012,Nigeria ,81
2014,Nigeria ,81
2016,Nigeria ,99
1896,Niger ,0
1900,Niger ,0
1904,Niger ,0
1906,Niger ,0
1908,Niger ,0
1912,Niger ,0
1920,Niger ,0
1924,Niger ,0
1928,Niger ,0
1932,Niger ,0
1936,Niger ,0
1948,Niger ,0
1952,Niger ,0
1956,Niger ,0
1960,Niger ,0
1964,Niger ,0
1968,Niger ,0
1972,Niger ,1
1976,Niger ,1
1980,Niger ,1
1984,Niger ,1
1988,Niger ,1
1992,Niger ,1
1994,Niger ,1
1996,Niger ,1
1998,Niger ,1
2000,Niger ,1
2002,Niger ,1
2004,Niger ,1
2006,Niger ,1
2008,Niger ,1
2010,Niger ,1
2012,Niger ,1
2014,Niger ,1
2016,Niger ,2
1896,Norway ,0
1900,Norway ,9
1904,Norway ,11
1906,Norway ,36
1908,Norway ,78
1912,Norway ,158
1920,Norway ,295
1924,Norway ,334
1928,Norway ,358
1932,Norway ,368
1936,Norway ,414
1948,Norway ,445
1952,Norway ,477
1956,Norway ,484
1960,Norway ,495
1964,Norway ,510
1968,Norway ,538
1972,Norway ,563
1976,Norway ,579
1980,Norway ,594
1984,Norway ,613
1988,Norway ,646
1992,Norway ,693
1994,Norway ,723
1996,Norway ,746
1998,Norway ,786
2000,Norway ,829
2002,Norway ,870
2004,Norway ,877
2006,Norway ,900
2008,Norway ,922
2010,Norway ,961
2012,Norway ,978
2014,Norway ,1014
2016,Norway ,1033
1896,New Zealand ,0
1900,New Zealand ,1
1904,New Zealand ,1
1906,New Zealand ,1
1908,New Zealand ,1
1912,New Zealand ,1
1920,New Zealand ,2
1924,New Zealand ,3
1928,New Zealand ,4
1932,New Zealand ,6
1936,New Zealand ,7
1948,New Zealand ,7
1952,New Zealand ,10
1956,New Zealand ,13
1960,New Zealand ,16
1964,New Zealand ,22
1968,New Zealand ,29
1972,New Zealand ,43
1976,New Zealand ,68
1980,New Zealand ,68
1984,New Zealand ,91
1988,New Zealand ,115
1992,New Zealand ,131
1994,New Zealand ,131
1996,New Zealand ,140
1998,New Zealand ,140
2000,New Zealand ,144
2002,New Zealand ,144
2004,New Zealand ,150
2006,New Zealand ,150
2008,New Zealand ,165
2010,New Zealand ,165
2012,New Zealand ,192
2014,New Zealand ,192
2016,New Zealand ,228
1896,Pakistan ,0
1900,Pakistan ,0
1904,Pakistan ,0
1906,Pakistan ,0
1908,Pakistan ,0
1912,Pakistan ,0
1920,Pakistan ,0
1924,Pakistan ,0
1928,Pakistan ,0
1932,Pakistan ,0
1936,Pakistan ,0
1948,Pakistan ,0
1952,Pakistan ,0
1956,Pakistan ,14
1960,Pakistan ,28
1964,Pakistan ,44
1968,Pakistan ,57
1972,Pakistan ,72
1976,Pakistan ,88
1980,Pakistan ,88
1984,Pakistan ,104
1988,Pakistan ,105
1992,Pakistan ,121
1994,Pakistan ,121
1996,Pakistan ,121
1998,Pakistan ,121
2000,Pakistan ,121
2002,Pakistan ,121
2004,Pakistan ,121
2006,Pakistan ,121
2008,Pakistan ,121
2010,Pakistan ,121
2012,Pakistan ,121
2014,Pakistan ,121
2016,Pakistan ,121
1896,Panama ,0
1900,Panama ,0
1904,Panama ,0
1906,Panama ,0
1908,Panama ,0
1912,Panama ,0
1920,Panama ,0
1924,Panama ,0
1928,Panama ,0
1932,Panama ,0
1936,Panama ,0
1948,Panama ,2
1952,Panama ,2
1956,Panama ,2
1960,Panama ,2
1964,Panama ,2
1968,Panama ,2
1972,Panama ,2
1976,Panama ,2
1980,Panama ,2
1984,Panama ,2
1988,Panama ,2
1992,Panama ,2
1994,Panama ,2
1996,Panama ,2
1998,Panama ,2
2000,Panama ,2
2002,Panama ,2
2004,Panama ,2
2006,Panama ,2
2008,Panama ,3
2010,Panama ,3
2012,Panama ,3
2014,Panama ,3
2016,Panama ,3
1896,Paraguay ,0
1900,Paraguay ,0
1904,Paraguay ,0
1906,Paraguay ,0
1908,Paraguay ,0
1912,Paraguay ,0
1920,Paraguay ,0
1924,Paraguay ,0
1928,Paraguay ,0
1932,Paraguay ,0
1936,Paraguay ,0
1948,Paraguay ,0
1952,Paraguay ,0
1956,Paraguay ,0
1960,Paraguay ,0
1964,Paraguay ,0
1968,Paraguay ,0
1972,Paraguay ,0
1976,Paraguay ,0
1980,Paraguay ,0
1984,Paraguay ,0
1988,Paraguay ,0
1992,Paraguay ,0
1994,Paraguay ,0
1996,Paraguay ,0
1998,Paraguay ,0
2000,Paraguay ,0
2002,Paraguay ,0
2004,Paraguay ,17
2006,Paraguay ,17
2008,Paraguay ,17
2010,Paraguay ,17
2012,Paraguay ,17
2014,Paraguay ,17
2016,Paraguay ,17
1896,Peru ,0
1900,Peru ,0
1904,Peru ,0
1906,Peru ,0
1908,Peru ,0
1912,Peru ,0
1920,Peru ,0
1924,Peru ,0
1928,Peru ,0
1932,Peru ,0
1936,Peru ,0
1948,Peru ,1
1952,Peru ,1
1956,Peru ,1
1960,Peru ,1
1964,Peru ,1
1968,Peru ,1
1972,Peru ,1
1976,Peru ,1
1980,Peru ,1
1984,Peru ,2
1988,Peru ,14
1992,Peru ,15
1994,Peru ,15
1996,Peru ,15
1998,Peru ,15
2000,Peru ,15
2002,Peru ,15
2004,Peru ,15
2006,Peru ,15
2008,Peru ,15
2010,Peru ,15
2012,Peru ,15
2014,Peru ,15
2016,Peru ,15
1896,Philippines ,0
1900,Philippines ,0
1904,Philippines ,0
1906,Philippines ,0
1908,Philippines ,0
1912,Philippines ,0
1920,Philippines ,0
1924,Philippines ,0
1928,Philippines ,1
1932,Philippines ,4
1936,Philippines ,5
1948,Philippines ,5
1952,Philippines ,5
1956,Philippines ,5
1960,Philippines ,5
1964,Philippines ,6
1968,Philippines ,6
1972,Philippines ,6
1976,Philippines ,6
1980,Philippines ,6
1984,Philippines ,6
1988,Philippines ,7
1992,Philippines ,8
1994,Philippines ,8
1996,Philippines ,9
1998,Philippines ,9
2000,Philippines ,9
2002,Philippines ,9
2004,Philippines ,9
2006,Philippines ,9
2008,Philippines ,9
2010,Philippines ,9
2012,Philippines ,9
2014,Philippines ,9
2016,Philippines ,10
1896,Poland ,0
1900,Poland ,0
1904,Poland ,0
1906,Poland ,0
1908,Poland ,0
1912,Poland ,0
1920,Poland ,0
1924,Poland ,5
1928,Poland ,25
1932,Poland ,46
1936,Poland ,58
1948,Poland ,60
1952,Poland ,64
1956,Poland ,84
1960,Poland ,116
1964,Poland ,162
1968,Poland ,199
1972,Poland ,246
1976,Poland ,319
1980,Poland ,369
1984,Poland ,369
1988,Poland ,390
1992,Poland ,436
1994,Poland ,436
1996,Poland ,458
1998,Poland ,458
2000,Poland ,482
2002,Poland ,484
2004,Poland ,496
2006,Poland ,498
2008,Poland ,518
2010,Poland ,526
2012,Poland ,538
2014,Poland ,549
2016,Poland ,565
1896,Portugal ,0
1900,Portugal ,0
1904,Portugal ,0
1906,Portugal ,0
1908,Portugal ,0
1912,Portugal ,0
1920,Portugal ,0
1924,Portugal ,4
1928,Portugal ,10
1932,Portugal ,10
1936,Portugal ,13
1948,Portugal ,18
1952,Portugal ,20
1956,Portugal ,20
1960,Portugal ,22
1964,Portugal ,22
1968,Portugal ,22
1972,Portugal ,22
1976,Portugal ,24
1980,Portugal ,24
1984,Portugal ,27
1988,Portugal ,28
1992,Portugal ,28
1994,Portugal ,28
1996,Portugal ,31
1998,Portugal ,31
2000,Portugal ,33
2002,Portugal ,33
2004,Portugal ,36
2006,Portugal ,36
2008,Portugal ,38
2010,Portugal ,38
2012,Portugal ,40
2014,Portugal ,40
2016,Portugal ,41
1896,North Korea,0
1900,North Korea,0
1904,North Korea,0
1906,North Korea,0
1908,North Korea,0
1912,North Korea,0
1920,North Korea,0
1924,North Korea,0
1928,North Korea,0
1932,North Korea,0
1936,North Korea,0
1948,North Korea,0
1952,North Korea,0
1956,North Korea,0
1960,North Korea,0
1964,North Korea,1
1968,North Korea,1
1972,North Korea,16
1976,North Korea,18
1980,North Korea,23
1984,North Korea,23
1988,North Korea,23
1992,North Korea,34
1994,North Korea,34
1996,North Korea,39
1998,North Korea,39
2000,North Korea,43
2002,North Korea,43
2004,North Korea,48
2006,North Korea,48
2008,North Korea,54
2010,North Korea,54
2012,North Korea,60
2014,North Korea,60
2016,North Korea,67
1896,Puerto Rico,0
1900,Puerto Rico,0
1904,Puerto Rico,0
1906,Puerto Rico,0
1908,Puerto Rico,0
1912,Puerto Rico,0
1920,Puerto Rico,0
1924,Puerto Rico,0
1928,Puerto Rico,0
1932,Puerto Rico,0
1936,Puerto Rico,0
1948,Puerto Rico,1
1952,Puerto Rico,1
1956,Puerto Rico,1
1960,Puerto Rico,1
1964,Puerto Rico,1
1968,Puerto Rico,1
1972,Puerto Rico,1
1976,Puerto Rico,2
1980,Puerto Rico,2
1984,Puerto Rico,4
1988,Puerto Rico,4
1992,Puerto Rico,5
1994,Puerto Rico,5
1996,Puerto Rico,6
1998,Puerto Rico,6
2000,Puerto Rico,6
2002,Puerto Rico,6
2004,Puerto Rico,6
2006,Puerto Rico,6
2008,Puerto Rico,6
2010,Puerto Rico,6
2012,Puerto Rico,8
2014,Puerto Rico,8
2016,Puerto Rico,9
1896,Qatar ,0
1900,Qatar ,0
1904,Qatar ,0
1906,Qatar ,0
1908,Qatar ,0
1912,Qatar ,0
1920,Qatar ,0
1924,Qatar ,0
1928,Qatar ,0
1932,Qatar ,0
1936,Qatar ,0
1948,Qatar ,0
1952,Qatar ,0
1956,Qatar ,0
1960,Qatar ,0
1964,Qatar ,0
1968,Qatar ,0
1972,Qatar ,0
1976,Qatar ,0
1980,Qatar ,0
1984,Qatar ,0
1988,Qatar ,0
1992,Qatar ,1
1994,Qatar ,1
1996,Qatar ,1
1998,Qatar ,1
2000,Qatar ,2
2002,Qatar ,2
2004,Qatar ,2
2006,Qatar ,2
2008,Qatar ,2
2010,Qatar ,2
2012,Qatar ,4
2014,Qatar ,4
2016,Qatar ,5
1896,Romania ,0
1900,Romania ,0
1904,Romania ,0
1906,Romania ,0
1908,Romania ,0
1912,Romania ,0
1920,Romania ,0
1924,Romania ,16
1928,Romania ,16
1932,Romania ,16
1936,Romania ,17
1948,Romania ,17
1952,Romania ,21
1956,Romania ,40
1960,Romania ,55
1964,Romania ,71
1968,Romania ,96
1972,Romania ,136
1976,Romania ,191
1980,Romania ,259
1984,Romania ,365
1988,Romania ,423
1992,Romania ,476
1994,Romania ,476
1996,Romania ,514
1998,Romania ,514
2000,Romania ,560
2002,Romania ,560
2004,Romania ,599
2006,Romania ,599
2008,Romania ,621
2010,Romania ,621
2012,Romania ,637
2014,Romania ,637
2016,Romania ,653
1896,South Africa ,0
1900,South Africa ,0
1904,South Africa ,0
1906,South Africa ,0
1908,South Africa ,2
1912,South Africa ,9
1920,South Africa ,30
1924,South Africa ,33
1928,South Africa ,39
1932,South Africa ,44
1936,South Africa ,45
1948,South Africa ,51
1952,South Africa ,65
1956,South Africa ,72
1960,South Africa ,75
1964,South Africa ,75
1968,South Africa ,75
1972,South Africa ,75
1976,South Africa ,75
1980,South Africa ,75
1984,South Africa ,75
1988,South Africa ,75
1992,South Africa ,78
1994,South Africa ,78
1996,South Africa ,83
1998,South Africa ,83
2000,South Africa ,88
2002,South Africa ,88
2004,South Africa ,98
2006,South Africa ,98
2008,South Africa ,99
2010,South Africa ,99
2012,South Africa ,108
2014,South Africa ,108
2016,South Africa ,131
1896,Russia,0
1900,Russia,0
1904,Russia,0
1906,Russia,0
1908,Russia,3
1912,Russia,17
1920,Russia,17
1924,Russia,17
1928,Russia,17
1932,Russia,17
1936,Russia,17
1948,Russia,17
1952,Russia,17
1956,Russia,17
1960,Russia,17
1964,Russia,17
1968,Russia,17
1972,Russia,17
1976,Russia,17
1980,Russia,17
1984,Russia,17
1988,Russia,17
1992,Russia,17
1994,Russia,53
1996,Russia,168
1998,Russia,220
2000,Russia,407
2002,Russia,445
2004,Russia,634
2006,Russia,675
2008,Russia,817
2010,Russia,842
2012,Russia,982
2014,Russia,1050
2016,Russia,1165
1896,Serbia and Montenegro,0
1900,Serbia and Montenegro,0
1904,Serbia and Montenegro,0
1906,Serbia and Montenegro,0
1908,Serbia and Montenegro,0
1912,Serbia and Montenegro,0
1920,Serbia and Montenegro,0
1924,Serbia and Montenegro,0
1928,Serbia and Montenegro,0
1932,Serbia and Montenegro,0
1936,Serbia and Montenegro,0
1948,Serbia and Montenegro,0
1952,Serbia and Montenegro,0
1956,Serbia and Montenegro,0
1960,Serbia and Montenegro,0
1964,Serbia and Montenegro,0
1968,Serbia and Montenegro,0
1972,Serbia and Montenegro,0
1976,Serbia and Montenegro,0
1980,Serbia and Montenegro,0
1984,Serbia and Montenegro,0
1988,Serbia and Montenegro,0
1992,Serbia and Montenegro,0
1994,Serbia and Montenegro,0
1996,Serbia and Montenegro,26
1998,Serbia and Montenegro,26
2000,Serbia and Montenegro,51
2002,Serbia and Montenegro,51
2004,Serbia and Montenegro,64
2006,Serbia and Montenegro,64
2008,Serbia and Montenegro,64
2010,Serbia and Montenegro,64
2012,Serbia and Montenegro,64
2014,Serbia and Montenegro,64
2016,Serbia and Montenegro,64
1896,Senegal ,0
1900,Senegal ,0
1904,Senegal ,0
1906,Senegal ,0
1908,Senegal ,0
1912,Senegal ,0
1920,Senegal ,0
1924,Senegal ,0
1928,Senegal ,0
1932,Senegal ,0
1936,Senegal ,0
1948,Senegal ,0
1952,Senegal ,0
1956,Senegal ,0
1960,Senegal ,0
1964,Senegal ,0
1968,Senegal ,0
1972,Senegal ,0
1976,Senegal ,0
1980,Senegal ,0
1984,Senegal ,0
1988,Senegal ,1
1992,Senegal ,1
1994,Senegal ,1
1996,Senegal ,1
1998,Senegal ,1
2000,Senegal ,1
2002,Senegal ,1
2004,Senegal ,1
2006,Senegal ,1
2008,Senegal ,1
2010,Senegal ,1
2012,Senegal ,1
2014,Senegal ,1
2016,Senegal ,1
1896,Singapore,0
1900,Singapore,0
1904,Singapore,0
1906,Singapore,0
1908,Singapore,0
1912,Singapore,0
1920,Singapore,0
1924,Singapore,0
1928,Singapore,0
1932,Singapore,0
1936,Singapore,0
1948,Singapore,0
1952,Singapore,0
1956,Singapore,0
1960,Singapore,1
1964,Singapore,1
1968,Singapore,1
1972,Singapore,1
1976,Singapore,1
1980,Singapore,1
1984,Singapore,1
1988,Singapore,1
1992,Singapore,1
1994,Singapore,1
1996,Singapore,1
1998,Singapore,1
2000,Singapore,1
2002,Singapore,1
2004,Singapore,1
2006,Singapore,1
2008,Singapore,4
2010,Singapore,4
2012,Singapore,8
2014,Singapore,8
2016,Singapore,9
1896,Slovenia ,0
1900,Slovenia ,0
1904,Slovenia ,0
1906,Slovenia ,0
1908,Slovenia ,0
1912,Slovenia ,0
1920,Slovenia ,0
1924,Slovenia ,0
1928,Slovenia ,0
1932,Slovenia ,0
1936,Slovenia ,0
1948,Slovenia ,0
1952,Slovenia ,0
1956,Slovenia ,0
1960,Slovenia ,0
1964,Slovenia ,0
1968,Slovenia ,0
1972,Slovenia ,0
1976,Slovenia ,0
1980,Slovenia ,0
1984,Slovenia ,0
1988,Slovenia ,0
1992,Slovenia ,6
1994,Slovenia ,9
1996,Slovenia ,11
1998,Slovenia ,11
2000,Slovenia ,14
2002,Slovenia ,18
2004,Slovenia ,23
2006,Slovenia ,23
2008,Slovenia ,28
2010,Slovenia ,31
2012,Slovenia ,36
2014,Slovenia ,44
2016,Slovenia ,48
1896,Serbia ,0
1900,Serbia ,0
1904,Serbia ,0
1906,Serbia ,0
1908,Serbia ,0
1912,Serbia ,0
1920,Serbia ,0
1924,Serbia ,0
1928,Serbia ,0
1932,Serbia ,0
1936,Serbia ,0
1948,Serbia ,0
1952,Serbia ,0
1956,Serbia ,0
1960,Serbia ,0
1964,Serbia ,0
1968,Serbia ,0
1972,Serbia ,0
1976,Serbia ,0
1980,Serbia ,0
1984,Serbia ,0
1988,Serbia ,0
1992,Serbia ,0
1994,Serbia ,0
1996,Serbia ,0
1998,Serbia ,0
2000,Serbia ,0
2002,Serbia ,0
2004,Serbia ,0
2006,Serbia ,0
2008,Serbia ,15
2010,Serbia ,15
2012,Serbia ,31
2014,Serbia ,31
2016,Serbia ,85
1896,Sri Lanka ,0
1900,Sri Lanka ,0
1904,Sri Lanka ,0
1906,Sri Lanka ,0
1908,Sri Lanka ,0
1912,Sri Lanka ,0
1920,Sri Lanka ,0
1924,Sri Lanka ,0
1928,Sri Lanka ,0
1932,Sri Lanka ,0
1936,Sri Lanka ,0
1948,Sri Lanka ,1
1952,Sri Lanka ,1
1956,Sri Lanka ,1
1960,Sri Lanka ,1
1964,Sri Lanka ,1
1968,Sri Lanka ,1
1972,Sri Lanka ,1
1976,Sri Lanka ,1
1980,Sri Lanka ,1
1984,Sri Lanka ,1
1988,Sri Lanka ,1
1992,Sri Lanka ,1
1994,Sri Lanka ,1
1996,Sri Lanka ,1
1998,Sri Lanka ,1
2000,Sri Lanka ,2
2002,Sri Lanka ,2
2004,Sri Lanka ,2
2006,Sri Lanka ,2
2008,Sri Lanka ,2
2010,Sri Lanka ,2
2012,Sri Lanka ,2
2014,Sri Lanka ,2
2016,Sri Lanka ,2
1896,Sudan ,0
1900,Sudan ,0
1904,Sudan ,0
1906,Sudan ,0
1908,Sudan ,0
1912,Sudan ,0
1920,Sudan ,0
1924,Sudan ,0
1928,Sudan ,0
1932,Sudan ,0
1936,Sudan ,0
1948,Sudan ,0
1952,Sudan ,0
1956,Sudan ,0
1960,Sudan ,0
1964,Sudan ,0
1968,Sudan ,0
1972,Sudan ,0
1976,Sudan ,0
1980,Sudan ,0
1984,Sudan ,0
1988,Sudan ,0
1992,Sudan ,0
1994,Sudan ,0
1996,Sudan ,0
1998,Sudan ,0
2000,Sudan ,0
2002,Sudan ,0
2004,Sudan ,0
2006,Sudan ,0
2008,Sudan ,1
2010,Sudan ,1
2012,Sudan ,1
2014,Sudan ,1
2016,Sudan ,1
1896,Switzerland ,3
1900,Switzerland ,24
1904,Switzerland ,27
1906,Switzerland ,39
1908,Switzerland ,39
1912,Switzerland ,41
1920,Switzerland ,70
1924,Switzerland ,139
1928,Switzerland ,181
1932,Switzerland ,184
1936,Switzerland ,246
1948,Switzerland ,310
1952,Switzerland ,349
1956,Switzerland ,362
1960,Switzerland ,376
1964,Switzerland ,382
1968,Switzerland ,404
1972,Switzerland ,429
1976,Switzerland ,448
1980,Switzerland ,459
1984,Switzerland ,480
1988,Switzerland ,508
1992,Switzerland ,516
1994,Switzerland ,532
1996,Switzerland ,543
1998,Switzerland ,557
2000,Switzerland ,571
2002,Switzerland ,595
2004,Switzerland ,602
2006,Switzerland ,623
2008,Switzerland ,634
2010,Switzerland ,646
2012,Switzerland ,650
2014,Switzerland ,680
2016,Switzerland ,691
1896,Suriname ,0
1900,Suriname ,0
1904,Suriname ,0
1906,Suriname ,0
1908,Suriname ,0
1912,Suriname ,0
1920,Suriname ,0
1924,Suriname ,0
1928,Suriname ,0
1932,Suriname ,0
1936,Suriname ,0
1948,Suriname ,0
1952,Suriname ,0
1956,Suriname ,0
1960,Suriname ,0
1964,Suriname ,0
1968,Suriname ,0
1972,Suriname ,0
1976,Suriname ,0
1980,Suriname ,0
1984,Suriname ,0
1988,Suriname ,1
1992,Suriname ,2
1994,Suriname ,2
1996,Suriname ,2
1998,Suriname ,2
2000,Suriname ,2
2002,Suriname ,2
2004,Suriname ,2
2006,Suriname ,2
2008,Suriname ,2
2010,Suriname ,2
2012,Suriname ,2
2014,Suriname ,2
2016,Suriname ,2
1896,Slovakia ,0
1900,Slovakia ,0
1904,Slovakia ,0
1906,Slovakia ,0
1908,Slovakia ,0
1912,Slovakia ,0
1920,Slovakia ,0
1924,Slovakia ,0
1928,Slovakia ,0
1932,Slovakia ,0
1936,Slovakia ,0
1948,Slovakia ,0
1952,Slovakia ,0
1956,Slovakia ,0
1960,Slovakia ,0
1964,Slovakia ,0
1968,Slovakia ,0
1972,Slovakia ,0
1976,Slovakia ,0
1980,Slovakia ,0
1984,Slovakia ,0
1988,Slovakia ,0
1992,Slovakia ,0
1994,Slovakia ,0
1996,Slovakia ,3
1998,Slovakia ,3
2000,Slovakia ,9
2002,Slovakia ,9
2004,Slovakia ,19
2006,Slovakia ,20
2008,Slovakia ,30
2010,Slovakia ,33
2012,Slovakia ,38
2014,Slovakia ,39
2016,Slovakia ,47
1896,Sweden ,0
1900,Sweden ,4
1904,Sweden ,4
1906,Sweden ,25
1908,Sweden ,109
1912,Sweden ,299
1920,Sweden ,453
1924,Sweden ,534
1928,Sweden ,587
1932,Sweden ,622
1936,Sweden ,667
1948,Sweden ,755
1952,Sweden ,848
1956,Sweden ,897
1960,Sweden ,913
1964,Sweden ,956
1968,Sweden ,981
1972,Sweden ,1007
1976,Sweden ,1019
1980,Sweden ,1062
1984,Sweden ,1126
1988,Sweden ,1172
1992,Sweden ,1214
1994,Sweden ,1238
1996,Sweden ,1269
1998,Sweden ,1276
2000,Sweden ,1308
2002,Sweden ,1334
2004,Sweden ,1346
2006,Sweden ,1410
2008,Sweden ,1417
2010,Sweden ,1435
2012,Sweden ,1457
2014,Sweden ,1508
2016,Sweden ,1536
1896,Syria ,0
1900,Syria ,0
1904,Syria ,0
1906,Syria ,0
1908,Syria ,0
1912,Syria ,0
1920,Syria ,0
1924,Syria ,0
1928,Syria ,0
1932,Syria ,0
1936,Syria ,0
1948,Syria ,0
1952,Syria ,0
1956,Syria ,0
1960,Syria ,0
1964,Syria ,0
1968,Syria ,0
1972,Syria ,0
1976,Syria ,0
1980,Syria ,0
1984,Syria ,1
1988,Syria ,1
1992,Syria ,1
1994,Syria ,1
1996,Syria ,2
1998,Syria ,2
2000,Syria ,2
2002,Syria ,2
2004,Syria ,3
2006,Syria ,3
2008,Syria ,3
2010,Syria ,3
2012,Syria ,3
2014,Syria ,3
2016,Syria ,3
1896,Tanzania ,0
1900,Tanzania ,0
1904,Tanzania ,0
1906,Tanzania ,0
1908,Tanzania ,0
1912,Tanzania ,0
1920,Tanzania ,0
1924,Tanzania ,0
1928,Tanzania ,0
1932,Tanzania ,0
1936,Tanzania ,0
1948,Tanzania ,0
1952,Tanzania ,0
1956,Tanzania ,0
1960,Tanzania ,0
1964,Tanzania ,0
1968,Tanzania ,0
1972,Tanzania ,0
1976,Tanzania ,0
1980,Tanzania ,2
1984,Tanzania ,2
1988,Tanzania ,2
1992,Tanzania ,2
1994,Tanzania ,2
1996,Tanzania ,2
1998,Tanzania ,2
2000,Tanzania ,2
2002,Tanzania ,2
2004,Tanzania ,2
2006,Tanzania ,2
2008,Tanzania ,2
2010,Tanzania ,2
2012,Tanzania ,2
2014,Tanzania ,2
2016,Tanzania ,2
1896,Czechoslovakia,0
1900,Czechoslovakia,0
1904,Czechoslovakia,0
1906,Czechoslovakia,0
1908,Czechoslovakia,0
1912,Czechoslovakia,0
1920,Czechoslovakia,10
1924,Czechoslovakia,20
1928,Czechoslovakia,37
1932,Czechoslovakia,43
1936,Czechoslovakia,61
1948,Czechoslovakia,98
1952,Czechoslovakia,123
1956,Czechoslovakia,130
1960,Czechoslovakia,153
1964,Czechoslovakia,224
1968,Czechoslovakia,274
1972,Czechoslovakia,323
1976,Czechoslovakia,357
1980,Czechoslovakia,409
1984,Czechoslovakia,437
1988,Czechoslovakia,453
1992,Czechoslovakia,488
1994,Czechoslovakia,488
1996,Czechoslovakia,488
1998,Czechoslovakia,488
2000,Czechoslovakia,488
2002,Czechoslovakia,488
2004,Czechoslovakia,488
2006,Czechoslovakia,488
2008,Czechoslovakia,488
2010,Czechoslovakia,488
2012,Czechoslovakia,488
2014,Czechoslovakia,488
2016,Czechoslovakia,488
1896,Tonga ,0
1900,Tonga ,0
1904,Tonga ,0
1906,Tonga ,0
1908,Tonga ,0
1912,Tonga ,0
1920,Tonga ,0
1924,Tonga ,0
1928,Tonga ,0
1932,Tonga ,0
1936,Tonga ,0
1948,Tonga ,0
1952,Tonga ,0
1956,Tonga ,0
1960,Tonga ,0
1964,Tonga ,0
1968,Tonga ,0
1972,Tonga ,0
1976,Tonga ,0
1980,Tonga ,0
1984,Tonga ,0
1988,Tonga ,0
1992,Tonga ,0
1994,Tonga ,0
1996,Tonga ,1
1998,Tonga ,1
2000,Tonga ,1
2002,Tonga ,1
2004,Tonga ,1
2006,Tonga ,1
2008,Tonga ,1
2010,Tonga ,1
2012,Tonga ,1
2014,Tonga ,1
2016,Tonga ,1
1896,Thailand ,0
1900,Thailand ,0
1904,Thailand ,0
1906,Thailand ,0
1908,Thailand ,0
1912,Thailand ,0
1920,Thailand ,0
1924,Thailand ,0
1928,Thailand ,0
1932,Thailand ,0
1936,Thailand ,0
1948,Thailand ,0
1952,Thailand ,0
1956,Thailand ,0
1960,Thailand ,0
1964,Thailand ,0
1968,Thailand ,0
1972,Thailand ,0
1976,Thailand ,1
1980,Thailand ,1
1984,Thailand ,2
1988,Thailand ,3
1992,Thailand ,4
1994,Thailand ,4
1996,Thailand ,6
1998,Thailand ,6
2000,Thailand ,9
2002,Thailand ,9
2004,Thailand ,17
2006,Thailand ,17
2008,Thailand ,21
2010,Thailand ,21
2012,Thailand ,24
2014,Thailand ,24
2016,Thailand ,30
1896,Tajikistan ,0
1900,Tajikistan ,0
1904,Tajikistan ,0
1906,Tajikistan ,0
1908,Tajikistan ,0
1912,Tajikistan ,0
1920,Tajikistan ,0
1924,Tajikistan ,0
1928,Tajikistan ,0
1932,Tajikistan ,0
1936,Tajikistan ,0
1948,Tajikistan ,0
1952,Tajikistan ,0
1956,Tajikistan ,0
1960,Tajikistan ,0
1964,Tajikistan ,0
1968,Tajikistan ,0
1972,Tajikistan ,0
1976,Tajikistan ,0
1980,Tajikistan ,0
1984,Tajikistan ,0
1988,Tajikistan ,0
1992,Tajikistan ,0
1994,Tajikistan ,0
1996,Tajikistan ,0
1998,Tajikistan ,0
2000,Tajikistan ,0
2002,Tajikistan ,0
2004,Tajikistan ,0
2006,Tajikistan ,0
2008,Tajikistan ,2
2010,Tajikistan ,2
2012,Tajikistan ,3
2014,Tajikistan ,3
2016,Tajikistan ,4
1896,Togo ,0
1900,Togo ,0
1904,Togo ,0
1906,Togo ,0
1908,Togo ,0
1912,Togo ,0
1920,Togo ,0
1924,Togo ,0
1928,Togo ,0
1932,Togo ,0
1936,Togo ,0
1948,Togo ,0
1952,Togo ,0
1956,Togo ,0
1960,Togo ,0
1964,Togo ,0
1968,Togo ,0
1972,Togo ,0
1976,Togo ,0
1980,Togo ,0
1984,Togo ,0
1988,Togo ,0
1992,Togo ,0
1994,Togo ,0
1996,Togo ,0
1998,Togo ,0
2000,Togo ,0
2002,Togo ,0
2004,Togo ,0
2006,Togo ,0
2008,Togo ,1
2010,Togo ,1
2012,Togo ,1
2014,Togo ,1
2016,Togo ,1
1896,Taiwan,0
1900,Taiwan,0
1904,Taiwan,0
1906,Taiwan,0
1908,Taiwan,0
1912,Taiwan,0
1920,Taiwan,0
1924,Taiwan,0
1928,Taiwan,0
1932,Taiwan,0
1936,Taiwan,0
1948,Taiwan,0
1952,Taiwan,0
1956,Taiwan,0
1960,Taiwan,1
1964,Taiwan,1
1968,Taiwan,2
1972,Taiwan,2
1976,Taiwan,2
1980,Taiwan,2
1984,Taiwan,3
1988,Taiwan,3
1992,Taiwan,23
1994,Taiwan,23
1996,Taiwan,24
1998,Taiwan,24
2000,Taiwan,29
2002,Taiwan,29
2004,Taiwan,38
2006,Taiwan,38
2008,Taiwan,42
2010,Taiwan,42
2012,Taiwan,44
2014,Taiwan,44
2016,Taiwan,49
1896,Trinidad and Tobago,0
1900,Trinidad and Tobago,0
1904,Trinidad and Tobago,0
1906,Trinidad and Tobago,0
1908,Trinidad and Tobago,0
1912,Trinidad and Tobago,0
1920,Trinidad and Tobago,0
1924,Trinidad and Tobago,0
1928,Trinidad and Tobago,0
1932,Trinidad and Tobago,0
1936,Trinidad and Tobago,0
1948,Trinidad and Tobago,1
1952,Trinidad and Tobago,3
1956,Trinidad and Tobago,3
1960,Trinidad and Tobago,3
1964,Trinidad and Tobago,9
1968,Trinidad and Tobago,9
1972,Trinidad and Tobago,9
1976,Trinidad and Tobago,10
1980,Trinidad and Tobago,10
1984,Trinidad and Tobago,10
1988,Trinidad and Tobago,10
1992,Trinidad and Tobago,10
1994,Trinidad and Tobago,10
1996,Trinidad and Tobago,12
1998,Trinidad and Tobago,12
2000,Trinidad and Tobago,14
2002,Trinidad and Tobago,14
2004,Trinidad and Tobago,15
2006,Trinidad and Tobago,15
2008,Trinidad and Tobago,21
2010,Trinidad and Tobago,21
2012,Trinidad and Tobago,31
2014,Trinidad and Tobago,31
2016,Trinidad and Tobago,32
1896,Tunisia ,0
1900,Tunisia ,0
1904,Tunisia ,0
1906,Tunisia ,0
1908,Tunisia ,0
1912,Tunisia ,0
1920,Tunisia ,0
1924,Tunisia ,0
1928,Tunisia ,0
1932,Tunisia ,0
1936,Tunisia ,0
1948,Tunisia ,0
1952,Tunisia ,0
1956,Tunisia ,0
1960,Tunisia ,0
1964,Tunisia ,2
1968,Tunisia ,4
1972,Tunisia ,5
1976,Tunisia ,5
1980,Tunisia ,5
1984,Tunisia ,5
1988,Tunisia ,5
1992,Tunisia ,5
1994,Tunisia ,5
1996,Tunisia ,6
1998,Tunisia ,6
2000,Tunisia ,6
2002,Tunisia ,6
2004,Tunisia ,6
2006,Tunisia ,6
2008,Tunisia ,7
2010,Tunisia ,7
2012,Tunisia ,10
2014,Tunisia ,10
2016,Tunisia ,13
1896,Turkey ,0
1900,Turkey ,0
1904,Turkey ,0
1906,Turkey ,0
1908,Turkey ,0
1912,Turkey ,0
1920,Turkey ,0
1924,Turkey ,0
1928,Turkey ,0
1932,Turkey ,0
1936,Turkey ,2
1948,Turkey ,14
1952,Turkey ,17
1956,Turkey ,24
1960,Turkey ,33
1964,Turkey ,39
1968,Turkey ,41
1972,Turkey ,42
1976,Turkey ,42
1980,Turkey ,42
1984,Turkey ,45
1988,Turkey ,47
1992,Turkey ,53
1994,Turkey ,53
1996,Turkey ,59
1998,Turkey ,59
2000,Turkey ,64
2002,Turkey ,64
2004,Turkey ,75
2006,Turkey ,75
2008,Turkey ,82
2010,Turkey ,82
2012,Turkey ,87
2014,Turkey ,87
2016,Turkey ,95
1896,United Arab Emirates ,0
1900,United Arab Emirates ,0
1904,United Arab Emirates ,0
1906,United Arab Emirates ,0
1908,United Arab Emirates ,0
1912,United Arab Emirates ,0
1920,United Arab Emirates ,0
1924,United Arab Emirates ,0
1928,United Arab Emirates ,0
1932,United Arab Emirates ,0
1936,United Arab Emirates ,0
1948,United Arab Emirates ,0
1952,United Arab Emirates ,0
1956,United Arab Emirates ,0
1960,United Arab Emirates ,0
1964,United Arab Emirates ,0
1968,United Arab Emirates ,0
1972,United Arab Emirates ,0
1976,United Arab Emirates ,0
1980,United Arab Emirates ,0
1984,United Arab Emirates ,0
1988,United Arab Emirates ,0
1992,United Arab Emirates ,0
1994,United Arab Emirates ,0
1996,United Arab Emirates ,0
1998,United Arab Emirates ,0
2000,United Arab Emirates ,0
2002,United Arab Emirates ,0
2004,United Arab Emirates ,1
2006,United Arab Emirates ,1
2008,United Arab Emirates ,1
2010,United Arab Emirates ,1
2012,United Arab Emirates ,1
2014,United Arab Emirates ,1
2016,United Arab Emirates ,2
1896,Uganda ,0
1900,Uganda ,0
1904,Uganda ,0
1906,Uganda ,0
1908,Uganda ,0
1912,Uganda ,0
1920,Uganda ,0
1924,Uganda ,0
1928,Uganda ,0
1932,Uganda ,0
1936,Uganda ,0
1948,Uganda ,0
1952,Uganda ,0
1956,Uganda ,0
1960,Uganda ,0
1964,Uganda ,0
1968,Uganda ,2
1972,Uganda ,4
1976,Uganda ,4
1980,Uganda ,5
1984,Uganda ,5
1988,Uganda ,5
1992,Uganda ,5
1994,Uganda ,5
1996,Uganda ,6
1998,Uganda ,6
2000,Uganda ,6
2002,Uganda ,6
2004,Uganda ,6
2006,Uganda ,6
2008,Uganda ,6
2010,Uganda ,6
2012,Uganda ,7
2014,Uganda ,7
2016,Uganda ,7
1896,Ukraine ,0
1900,Ukraine ,0
1904,Ukraine ,0
1906,Ukraine ,0
1908,Ukraine ,0
1912,Ukraine ,0
1920,Ukraine ,0
1924,Ukraine ,0
1928,Ukraine ,0
1932,Ukraine ,0
1936,Ukraine ,0
1948,Ukraine ,0
1952,Ukraine ,0
1956,Ukraine ,0
1960,Ukraine ,0
1964,Ukraine ,0
1968,Ukraine ,0
1972,Ukraine ,0
1976,Ukraine ,0
1980,Ukraine ,0
1984,Ukraine ,0
1988,Ukraine ,0
1992,Ukraine ,0
1994,Ukraine ,2
1996,Ukraine ,36
1998,Ukraine ,37
2000,Ukraine ,72
2002,Ukraine ,72
2004,Ukraine ,119
2006,Ukraine ,122
2008,Ukraine ,153
2010,Ukraine ,153
2012,Ukraine ,179
2014,Ukraine ,184
2016,Ukraine ,199
1896,Soviet Union,0
1900,Soviet Union,0
1904,Soviet Union,0
1906,Soviet Union,0
1908,Soviet Union,0
1912,Soviet Union,0
1920,Soviet Union,0
1924,Soviet Union,0
1928,Soviet Union,0
1932,Soviet Union,0
1936,Soviet Union,0
1948,Soviet Union,0
1952,Soviet Union,117
1956,Soviet Union,323
1960,Soviet Union,534
1964,Soviet Union,755
1968,Soviet Union,984
1972,Soviet Union,1243
1976,Soviet Union,1585
1980,Soviet Union,2081
1984,Soviet Union,2137
1988,Soviet Union,2503
1992,Soviet Union,2503
1994,Soviet Union,2503
1996,Soviet Union,2503
1998,Soviet Union,2503
2000,Soviet Union,2503
2002,Soviet Union,2503
2004,Soviet Union,2503
2006,Soviet Union,2503
2008,Soviet Union,2503
2010,Soviet Union,2503
2012,Soviet Union,2503
2014,Soviet Union,2503
2016,Soviet Union,2503
1896,Uruguay ,0
1900,Uruguay ,0
1904,Uruguay ,0
1906,Uruguay ,0
1908,Uruguay ,0
1912,Uruguay ,0
1920,Uruguay ,0
1924,Uruguay ,14
1928,Uruguay ,31
1932,Uruguay ,32
1936,Uruguay ,32
1948,Uruguay ,35
1952,Uruguay ,49
1956,Uruguay ,61
1960,Uruguay ,61
1964,Uruguay ,62
1968,Uruguay ,62
1972,Uruguay ,62
1976,Uruguay ,62
1980,Uruguay ,62
1984,Uruguay ,62
1988,Uruguay ,62
1992,Uruguay ,62
1994,Uruguay ,62
1996,Uruguay ,62
1998,Uruguay ,62
2000,Uruguay ,63
2002,Uruguay ,63
2004,Uruguay ,63
2006,Uruguay ,63
2008,Uruguay ,63
2010,Uruguay ,63
2012,Uruguay ,63
2014,Uruguay ,63
2016,Uruguay ,63
1896,United States ,20
1900,United States ,83
1904,United States ,477
1906,United States ,501
1908,United States ,566
1912,United States ,673
1920,United States ,867
1924,United States ,1061
1928,United States ,1163
1932,United States ,1386
1936,United States ,1498
1948,United States ,1666
1952,United States ,1830
1956,United States ,1979
1960,United States ,2131
1964,United States ,2308
1968,United States ,2481
1972,United States ,2676
1976,United States ,2851
1980,United States ,2881
1984,United States ,3242
1988,United States ,3456
1992,United States ,3694
1994,United States ,3713
1996,United States ,3972
1998,United States ,4006
2000,United States ,4248
2002,United States ,4332
2004,United States ,4595
2006,United States ,4647
2008,United States ,4964
2010,United States ,5061
2012,United States ,5309
2014,United States ,5373
2016,United States ,5637
1896,Uzbekistan ,0
1900,Uzbekistan ,0
1904,Uzbekistan ,0
1906,Uzbekistan ,0
1908,Uzbekistan ,0
1912,Uzbekistan ,0
1920,Uzbekistan ,0
1924,Uzbekistan ,0
1928,Uzbekistan ,0
1932,Uzbekistan ,0
1936,Uzbekistan ,0
1948,Uzbekistan ,0
1952,Uzbekistan ,0
1956,Uzbekistan ,0
1960,Uzbekistan ,0
1964,Uzbekistan ,0
1968,Uzbekistan ,0
1972,Uzbekistan ,0
1976,Uzbekistan ,0
1980,Uzbekistan ,0
1984,Uzbekistan ,0
1988,Uzbekistan ,0
1992,Uzbekistan ,0
1994,Uzbekistan ,1
1996,Uzbekistan ,3
1998,Uzbekistan ,3
2000,Uzbekistan ,7
2002,Uzbekistan ,7
2004,Uzbekistan ,12
2006,Uzbekistan ,12
2008,Uzbekistan ,18
2010,Uzbekistan ,18
2012,Uzbekistan ,21
2014,Uzbekistan ,21
2016,Uzbekistan ,34
1896,Venezuela ,0
1900,Venezuela ,0
1904,Venezuela ,0
1906,Venezuela ,0
1908,Venezuela ,0
1912,Venezuela ,0
1920,Venezuela ,0
1924,Venezuela ,0
1928,Venezuela ,0
1932,Venezuela ,0
1936,Venezuela ,0
1948,Venezuela ,0
1952,Venezuela ,1
1956,Venezuela ,1
1960,Venezuela ,2
1964,Venezuela ,2
1968,Venezuela ,3
1972,Venezuela ,3
1976,Venezuela ,4
1980,Venezuela ,5
1984,Venezuela ,8
1988,Venezuela ,8
1992,Venezuela ,8
1994,Venezuela ,8
1996,Venezuela ,8
1998,Venezuela ,8
2000,Venezuela ,8
2002,Venezuela ,8
2004,Venezuela ,10
2006,Venezuela ,10
2008,Venezuela ,11
2010,Venezuela ,11
2012,Venezuela ,12
2014,Venezuela ,12
2016,Venezuela ,15
1896,Vietnam ,0
1900,Vietnam ,0
1904,Vietnam ,0
1906,Vietnam ,0
1908,Vietnam ,0
1912,Vietnam ,0
1920,Vietnam ,0
1924,Vietnam ,0
1928,Vietnam ,0
1932,Vietnam ,0
1936,Vietnam ,0
1948,Vietnam ,0
1952,Vietnam ,0
1956,Vietnam ,0
1960,Vietnam ,0
1964,Vietnam ,0
1968,Vietnam ,0
1972,Vietnam ,0
1976,Vietnam ,0
1980,Vietnam ,0
1984,Vietnam ,0
1988,Vietnam ,0
1992,Vietnam ,0
1994,Vietnam ,0
1996,Vietnam ,0
1998,Vietnam ,0
2000,Vietnam ,1
2002,Vietnam ,1
2004,Vietnam ,1
2006,Vietnam ,1
2008,Vietnam ,2
2010,Vietnam ,2
2012,Vietnam ,2
2014,Vietnam ,2
2016,Vietnam ,4
1896,West Indies Federation,0
1900,West Indies Federation,0
1904,West Indies Federation,0
1906,West Indies Federation,0
1908,West Indies Federation,0
1912,West Indies Federation,0
1920,West Indies Federation,0
1924,West Indies Federation,0
1928,West Indies Federation,0
1932,West Indies Federation,0
1936,West Indies Federation,0
1948,West Indies Federation,0
1952,West Indies Federation,0
1956,West Indies Federation,0
1960,West Indies Federation,5
1964,West Indies Federation,5
1968,West Indies Federation,5
1972,West Indies Federation,5
1976,West Indies Federation,5
1980,West Indies Federation,5
1984,West Indies Federation,5
1988,West Indies Federation,5
1992,West Indies Federation,5
1994,West Indies Federation,5
1996,West Indies Federation,5
1998,West Indies Federation,5
2000,West Indies Federation,5
2002,West Indies Federation,5
2004,West Indies Federation,5
2006,West Indies Federation,5
2008,West Indies Federation,5
2010,West Indies Federation,5
2012,West Indies Federation,5
2014,West Indies Federation,5
2016,West Indies Federation,5
1896,Yugoslavia,0
1900,Yugoslavia,0
1904,Yugoslavia,0
1906,Yugoslavia,0
1908,Yugoslavia,0
1912,Yugoslavia,0
1920,Yugoslavia,0
1924,Yugoslavia,2
1928,Yugoslavia,14
1932,Yugoslavia,14
1936,Yugoslavia,15
1948,Yugoslavia,31
1952,Yugoslavia,55
1956,Yugoslavia,78
1960,Yugoslavia,95
1964,Yugoslavia,110
1968,Yugoslavia,139
1972,Yugoslavia,157
1976,Yugoslavia,176
1980,Yugoslavia,233
1984,Yugoslavia,321
1988,Yugoslavia,390
1992,Yugoslavia,390
1994,Yugoslavia,390
1996,Yugoslavia,390
1998,Yugoslavia,390
2000,Yugoslavia,390
2002,Yugoslavia,390
2004,Yugoslavia,390
2006,Yugoslavia,390
2008,Yugoslavia,390
2010,Yugoslavia,390
2012,Yugoslavia,390
2014,Yugoslavia,390
2016,Yugoslavia,390
1896,Zambia ,0
1900,Zambia ,0
1904,Zambia ,0
1906,Zambia ,0
1908,Zambia ,0
1912,Zambia ,0
1920,Zambia ,0
1924,Zambia ,0
1928,Zambia ,0
1932,Zambia ,0
1936,Zambia ,0
1948,Zambia ,0
1952,Zambia ,0
1956,Zambia ,0
1960,Zambia ,0
1964,Zambia ,0
1968,Zambia ,0
1972,Zambia ,0
1976,Zambia ,0
1980,Zambia ,0
1984,Zambia ,1
1988,Zambia ,1
1992,Zambia ,1
1994,Zambia ,1
1996,Zambia ,2
1998,Zambia ,2
2000,Zambia ,2
2002,Zambia ,2
2004,Zambia ,2
2006,Zambia ,2
2008,Zambia ,2
2010,Zambia ,2
2012,Zambia ,2
2014,Zambia ,2
2016,Zambia ,2
1896,Zimbabwe ,0
1900,Zimbabwe ,0
1904,Zimbabwe ,0
1906,Zimbabwe ,0
1908,Zimbabwe ,0
1912,Zimbabwe ,0
1920,Zimbabwe ,0
1924,Zimbabwe ,0
1928,Zimbabwe ,0
1932,Zimbabwe ,0
1936,Zimbabwe ,0
1948,Zimbabwe ,0
1952,Zimbabwe ,0
1956,Zimbabwe ,0
1960,Zimbabwe ,0
1964,Zimbabwe ,0
1968,Zimbabwe ,0
1972,Zimbabwe ,0
1976,Zimbabwe ,0
1980,Zimbabwe ,15
1984,Zimbabwe ,15
1988,Zimbabwe ,15
1992,Zimbabwe ,15
1994,Zimbabwe ,15
1996,Zimbabwe ,15
1998,Zimbabwe ,15
2000,Zimbabwe ,15
2002,Zimbabwe ,15
2004,Zimbabwe ,18
2006,Zimbabwe ,18
2008,Zimbabwe ,22
2010,Zimbabwe ,22
2012,Zimbabwe ,22
2014,Zimbabwe ,22
2016,Zimbabwe ,22
